
==========================================
Time   : 2026-07-08 20:41:09 WIB
Farm   : 3
Commit : #1
Status : SUCCESS
==========================================


==========================================
Time   : 2026-07-08 22:54:15 WIB
Farm   : 3
Commit : #2
Status : SUCCESS
==========================================


==========================================
Time   : 2026-07-09 00:20:26 WIB
Farm   : 3
Commit : #3
Status : SUCCESS
==========================================


==========================================
Time   : 2026-07-09 01:52:12 WIB
Farm   : 3
Commit : #4
Status : SUCCESS
==========================================


==========================================
Time   : 2026-07-09 05:37:41 WIB
Farm   : 3
Commit : #5
Status : SUCCESS
==========================================


==========================================
Time   : 2026-07-09 06:43:16 WIB
Farm   : 3
Commit : #6
Status : SUCCESS
==========================================


==========================================
Time   : 2026-07-09 15:43:16 WIB
Farm   : 3
Commit : #7
Status : SUCCESS
==========================================


==========================================
Time   : 2026-07-09 23:41:47 WIB
Farm   : 3
Commit : #8
Status : SUCCESS
==========================================


==========================================
Time   : 2026-07-10 03:19:20 WIB
Farm   : 3
Commit : #9
Status : SUCCESS
==========================================


==========================================
Time   : 2026-07-10 14:54:29 WIB
Farm   : 3
Commit : #10
Status : SUCCESS
==========================================


==========================================
Time   : 2026-07-10 17:44:09 WIB
Farm   : 3
Commit : #11
Status : SUCCESS
==========================================


==========================================
Time   : 2026-07-10 19:59:15 WIB
Farm   : 3
Commit : #12
Status : SUCCESS
==========================================


==========================================
Time   : 2026-07-11 00:23:40 WIB
Farm   : 3
Commit : #13
Status : SUCCESS
==========================================


==========================================
Time   : 2026-07-11 01:54:21 WIB
Farm   : 3
Commit : #14
Status : SUCCESS
==========================================


==========================================
Time   : 2026-07-11 03:16:19 WIB
Farm   : 3
Commit : #15
Status : SUCCESS
==========================================


==========================================
Time   : 2026-07-11 04:30:03 WIB
Farm   : 3
Commit : #16
Status : SUCCESS
==========================================


==========================================
Time   : 2026-07-11 05:34:37 WIB
Farm   : 3
Commit : #17
Status : SUCCESS
==========================================


==========================================
Time   : 2026-07-11 13:32:35 WIB
Farm   : 3
Commit : #18
Status : SUCCESS
==========================================


==========================================
Time   : 2026-07-11 18:52:27 WIB
Farm   : 3
Commit : #19
Status : SUCCESS
==========================================


==========================================
Time   : 2026-07-11 19:43:18 WIB
Farm   : 3
Commit : #20
Status : SUCCESS
==========================================


==========================================
Time   : 2026-07-11 22:16:20 WIB
Farm   : 3
Commit : #21
Status : SUCCESS
==========================================


==========================================
Time   : 2026-07-12 01:10:41 WIB
Farm   : 3
Commit : #22
Status : SUCCESS
==========================================


==========================================
Time   : 2026-07-12 03:25:58 WIB
Farm   : 3
Commit : #23
Status : SUCCESS
==========================================


==========================================
Time   : 2026-07-12 04:13:57 WIB
Farm   : 3
Commit : #24
Status : SUCCESS
==========================================


==========================================
Time   : 2026-07-12 06:08:06 WIB
Farm   : 3
Commit : #25
Status : SUCCESS
==========================================


==========================================
Time   : 2026-07-12 13:25:24 WIB
Farm   : 3
Commit : #26
Status : SUCCESS
==========================================


==========================================
Time   : 2026-07-12 15:38:28 WIB
Farm   : 3
Commit : #27
Status : SUCCESS
==========================================


==========================================
Time   : 2026-07-12 21:08:08 WIB
Farm   : 3
Commit : #28
Status : SUCCESS
==========================================


==========================================
Time   : 2026-07-12 23:11:45 WIB
Farm   : 3
Commit : #29
Status : SUCCESS
==========================================


==========================================
Time   : 2026-07-13 01:12:21 WIB
Farm   : 3
Commit : #30
Status : SUCCESS
==========================================


==========================================
Time   : 2026-07-13 02:31:07 WIB
Farm   : 3
Commit : #31
Status : SUCCESS
==========================================


==========================================
Time   : 2026-07-13 06:05:42 WIB
Farm   : 3
Commit : #32
Status : SUCCESS
==========================================


==========================================
Time   : 2026-07-13 13:46:45 WIB
Farm   : 3
Commit : #33
Status : SUCCESS
==========================================


==========================================
Time   : 2026-07-13 17:01:37 WIB
Farm   : 3
Commit : #34
Status : SUCCESS
==========================================


==========================================
Time   : 2026-07-13 19:37:31 WIB
Farm   : 3
Commit : #35
Status : SUCCESS
==========================================


==========================================
Time   : 2026-07-13 22:34:03 WIB
Farm   : 3
Commit : #36
Status : SUCCESS
==========================================


==========================================
Time   : 2026-07-14 02:00:32 WIB
Farm   : 3
Commit : #37
Status : SUCCESS
==========================================


==========================================
Time   : 2026-07-14 03:21:04 WIB
Farm   : 3
Commit : #38
Status : SUCCESS
==========================================


==========================================
Time   : 2026-07-14 04:26:28 WIB
Farm   : 3
Commit : #39
Status : SUCCESS
==========================================


==========================================
Time   : 2026-07-14 05:27:10 WIB
Farm   : 3
Commit : #40
Status : SUCCESS
==========================================


==========================================
Time   : 2026-07-14 06:25:34 WIB
Farm   : 3
Commit : #41
Status : SUCCESS
==========================================


==========================================
Time   : 2026-07-14 07:15:23 WIB
Farm   : 3
Commit : #42
Status : SUCCESS
==========================================


==========================================
Time   : 2026-07-14 10:37:14 WIB
Farm   : 3
Commit : #43
Status : SUCCESS
==========================================


==========================================
Time   : 2026-07-14 12:55:08 WIB
Farm   : 3
Commit : #44
Status : SUCCESS
==========================================


==========================================
Time   : 2026-07-14 14:55:07 WIB
Farm   : 3
Commit : #45
Status : SUCCESS
==========================================


==========================================
Time   : 2026-07-14 16:46:52 WIB
Farm   : 3
Commit : #46
Status : SUCCESS
==========================================


==========================================
Time   : 2026-07-14 18:14:09 WIB
Farm   : 3
Commit : #47
Status : SUCCESS
==========================================


==========================================
Time   : 2026-07-14 19:41:49 WIB
Farm   : 3
Commit : #48
Status : SUCCESS
==========================================


==========================================
Time   : 2026-07-14 22:58:16 WIB
Farm   : 3
Commit : #49
Status : SUCCESS
==========================================


==========================================
Time   : 2026-07-15 00:17:26 WIB
Farm   : 3
Commit : #50
Status : SUCCESS
==========================================


==========================================
Time   : 2026-07-15 01:34:46 WIB
Farm   : 3
Commit : #51
Status : SUCCESS
==========================================


==========================================
Time   : 2026-07-15 02:54:45 WIB
Farm   : 3
Commit : #52
Status : SUCCESS
==========================================


==========================================
Time   : 2026-07-15 03:48:25 WIB
Farm   : 3
Commit : #53
Status : SUCCESS
==========================================


==========================================
Time   : 2026-07-15 04:41:23 WIB
Farm   : 3
Commit : #54
Status : SUCCESS
==========================================


==========================================
Time   : 2026-07-15 05:39:58 WIB
Farm   : 3
Commit : #55
Status : SUCCESS
==========================================


==========================================
Time   : 2026-07-15 06:32:30 WIB
Farm   : 3
Commit : #56
Status : SUCCESS
==========================================


==========================================
Time   : 2026-07-15 10:55:41 WIB
Farm   : 3
Commit : #57
Status : SUCCESS
==========================================


==========================================
Time   : 2026-07-15 13:08:58 WIB
Farm   : 3
Commit : #58
Status : SUCCESS
==========================================


==========================================
Time   : 2026-07-15 17:25:13 WIB
Farm   : 3
Commit : #59
Status : SUCCESS
==========================================


==========================================
Time   : 2026-07-15 20:42:14 WIB
Farm   : 3
Commit : #60
Status : SUCCESS
==========================================


==========================================
Time   : 2026-07-16 00:56:44 WIB
Farm   : 3
Commit : #61
Status : SUCCESS
==========================================


==========================================
Time   : 2026-07-16 02:10:41 WIB
Farm   : 3
Commit : #62
Status : SUCCESS
==========================================


==========================================
Time   : 2026-07-16 13:02:14 WIB
Farm   : 3
Commit : #63
Status : SUCCESS
==========================================


==========================================
Time   : 2026-07-16 17:28:07 WIB
Farm   : 3
Commit : #64
Status : SUCCESS
==========================================


==========================================
Time   : 2026-07-16 21:15:04 WIB
Farm   : 3
Commit : #65
Status : SUCCESS
==========================================


==========================================
Time   : 2026-07-16 23:57:04 WIB
Farm   : 3
Commit : #66
Status : SUCCESS
==========================================


==========================================
Time   : 2026-07-17 01:06:40 WIB
Farm   : 3
Commit : #67
Status : SUCCESS
==========================================


==========================================
Time   : 2026-07-17 02:33:09 WIB
Farm   : 3
Commit : #68
Status : SUCCESS
==========================================


==========================================
Time   : 2026-07-17 03:31:00 WIB
Farm   : 3
Commit : #69
Status : SUCCESS
==========================================


==========================================
Time   : 2026-07-17 05:34:30 WIB
Farm   : 3
Commit : #70
Status : SUCCESS
==========================================


==========================================
Time   : 2026-07-17 08:05:56 WIB
Farm   : 3
Commit : #71
Status : SUCCESS
==========================================


==========================================
Time   : 2026-07-17 15:39:04 WIB
Farm   : 3
Commit : #72
Status : SUCCESS
==========================================


==========================================
Time   : 2026-07-17 17:25:23 WIB
Farm   : 3
Commit : #73
Status : SUCCESS
==========================================


==========================================
Time   : 2026-07-17 21:22:29 WIB
Farm   : 3
Commit : #74
Status : SUCCESS
==========================================


==========================================
Time   : 2026-07-17 22:52:24 WIB
Farm   : 3
Commit : #75
Status : SUCCESS
==========================================


==========================================
Time   : 2026-07-18 00:59:27 WIB
Farm   : 3
Commit : #76
Status : SUCCESS
==========================================


==========================================
Time   : 2026-07-18 02:18:03 WIB
Farm   : 3
Commit : #77
Status : SUCCESS
==========================================


==========================================
Time   : 2026-07-18 03:17:06 WIB
Farm   : 3
Commit : #78
Status : SUCCESS
==========================================


==========================================
Time   : 2026-07-18 06:03:31 WIB
Farm   : 3
Commit : #79
Status : SUCCESS
==========================================


==========================================
Time   : 2026-07-18 07:02:18 WIB
Farm   : 3
Commit : #80
Status : SUCCESS
==========================================


==========================================
Time   : 2026-07-18 10:20:24 WIB
Farm   : 3
Commit : #81
Status : SUCCESS
==========================================


==========================================
Time   : 2026-07-18 14:17:48 WIB
Farm   : 3
Commit : #82
Status : SUCCESS
==========================================


==========================================
Time   : 2026-07-18 17:27:27 WIB
Farm   : 3
Commit : #83
Status : SUCCESS
==========================================


==========================================
Time   : 2026-07-18 20:58:32 WIB
Farm   : 3
Commit : #84
Status : SUCCESS
==========================================


==========================================
Time   : 2026-07-18 21:56:03 WIB
Farm   : 3
Commit : #85
Status : SUCCESS
==========================================


==========================================
Time   : 2026-07-18 22:53:46 WIB
Farm   : 3
Commit : #86
Status : SUCCESS
==========================================


==========================================
Time   : 2026-07-18 23:43:52 WIB
Farm   : 3
Commit : #87
Status : SUCCESS
==========================================


==========================================
Time   : 2026-07-19 00:42:49 WIB
Farm   : 3
Commit : #88
Status : SUCCESS
==========================================


==========================================
Time   : 2026-07-19 01:38:25 WIB
Farm   : 3
Commit : #89
Status : SUCCESS
==========================================


==========================================
Time   : 2026-07-19 04:30:18 WIB
Farm   : 3
Commit : #90
Status : SUCCESS
==========================================


==========================================
Time   : 2026-07-19 07:14:51 WIB
Farm   : 3
Commit : #91
Status : SUCCESS
==========================================


==========================================
Time   : 2026-07-19 13:31:31 WIB
Farm   : 3
Commit : #92
Status : SUCCESS
==========================================


==========================================
Time   : 2026-07-19 15:55:16 WIB
Farm   : 3
Commit : #93
Status : SUCCESS
==========================================


==========================================
Time   : 2026-07-19 17:23:16 WIB
Farm   : 3
Commit : #94
Status : SUCCESS
==========================================


==========================================
Time   : 2026-07-19 18:35:19 WIB
Farm   : 3
Commit : #95
Status : SUCCESS
==========================================


==========================================
Time   : 2026-07-19 21:06:13 WIB
Farm   : 3
Commit : #96
Status : SUCCESS
==========================================


==========================================
Time   : 2026-07-19 23:09:06 WIB
Farm   : 3
Commit : #97
Status : SUCCESS
==========================================


==========================================
Time   : 2026-07-20 00:13:39 WIB
Farm   : 3
Commit : #98
Status : SUCCESS
==========================================


==========================================
Time   : 2026-07-20 01:09:31 WIB
Farm   : 3
Commit : #99
Status : SUCCESS
==========================================


==========================================
Time   : 2026-07-20 02:29:21 WIB
Farm   : 3
Commit : #100
Status : SUCCESS
==========================================


==========================================
Time   : 2026-07-20 03:26:01 WIB
Farm   : 3
Commit : #101
Status : SUCCESS
==========================================


==========================================
Time   : 2026-07-20 04:13:09 WIB
Farm   : 3
Commit : #102
Status : SUCCESS
==========================================


==========================================
Time   : 2026-07-20 05:09:49 WIB
Farm   : 3
Commit : #103
Status : SUCCESS
==========================================


==========================================
Time   : 2026-07-20 06:09:45 WIB
Farm   : 3
Commit : #104
Status : SUCCESS
==========================================


==========================================
Time   : 2026-07-20 07:11:25 WIB
Farm   : 3
Commit : #105
Status : SUCCESS
==========================================


==========================================
Time   : 2026-07-20 11:02:24 WIB
Farm   : 3
Commit : #106
Status : SUCCESS
==========================================


==========================================
Time   : 2026-07-20 14:22:50 WIB
Farm   : 3
Commit : #107
Status : SUCCESS
==========================================


==========================================
Time   : 2026-07-20 19:28:35 WIB
Farm   : 3
Commit : #108
Status : SUCCESS
==========================================


==========================================
Time   : 2026-07-20 23:14:47 WIB
Farm   : 3
Commit : #109
Status : SUCCESS
==========================================


==========================================
Time   : 2026-07-21 01:21:07 WIB
Farm   : 3
Commit : #110
Status : SUCCESS
==========================================


==========================================
Time   : 2026-07-21 03:01:34 WIB
Farm   : 3
Commit : #111
Status : SUCCESS
==========================================


==========================================
Time   : 2026-07-21 10:47:46 WIB
Farm   : 3
Commit : #112
Status : SUCCESS
==========================================


==========================================
Time   : 2026-07-21 13:19:35 WIB
Farm   : 3
Commit : #113
Status : SUCCESS
==========================================


==========================================
Time   : 2026-07-21 21:50:22 WIB
Farm   : 3
Commit : #114
Status : SUCCESS
==========================================


==========================================
Time   : 2026-07-22 00:43:41 WIB
Farm   : 3
Commit : #115
Status : SUCCESS
==========================================


==========================================
Time   : 2026-07-22 03:19:39 WIB
Farm   : 3
Commit : #116
Status : SUCCESS
==========================================


==========================================
Time   : 2026-07-22 05:31:50 WIB
Farm   : 3
Commit : #117
Status : SUCCESS
==========================================


==========================================
Time   : 2026-07-22 20:00:10 WIB
Farm   : 3
Commit : #118
Status : SUCCESS
==========================================


==========================================
Time   : 2026-07-22 22:08:58 WIB
Farm   : 3
Commit : #119
Status : SUCCESS
==========================================


==========================================
Time   : 2026-07-22 23:42:37 WIB
Farm   : 3
Commit : #120
Status : SUCCESS
==========================================


==========================================
Time   : 2026-07-23 01:57:33 WIB
Farm   : 3
Commit : #121
Status : SUCCESS
==========================================


==========================================
Time   : 2026-07-23 03:11:26 WIB
Farm   : 3
Commit : #122
Status : SUCCESS
==========================================


==========================================
Time   : 2026-07-23 04:31:18 WIB
Farm   : 3
Commit : #123
Status : SUCCESS
==========================================


==========================================
Time   : 2026-07-23 05:35:46 WIB
Farm   : 3
Commit : #124
Status : SUCCESS
==========================================


==========================================
Time   : 2026-07-23 06:36:33 WIB
Farm   : 3
Commit : #125
Status : SUCCESS
==========================================


==========================================
Time   : 2026-07-23 08:08:44 WIB
Farm   : 3
Commit : #126
Status : SUCCESS
==========================================


==========================================
Time   : 2026-07-23 11:29:39 WIB
Farm   : 3
Commit : #127
Status : SUCCESS
==========================================


==========================================
Time   : 2026-07-23 19:59:53 WIB
Farm   : 3
Commit : #128
Status : SUCCESS
==========================================


==========================================
Time   : 2026-07-23 22:17:17 WIB
Farm   : 3
Commit : #129
Status : SUCCESS
==========================================


==========================================
Time   : 2026-07-23 23:50:25 WIB
Farm   : 3
Commit : #130
Status : SUCCESS
==========================================


==========================================
Time   : 2026-07-24 01:03:06 WIB
Farm   : 3
Commit : #131
Status : SUCCESS
==========================================


==========================================
Time   : 2026-07-24 04:44:11 WIB
Farm   : 3
Commit : #132
Status : SUCCESS
==========================================


==========================================
Time   : 2026-07-24 11:24:57 WIB
Farm   : 3
Commit : #133
Status : SUCCESS
==========================================


==========================================
Time   : 2026-07-24 18:12:44 WIB
Farm   : 3
Commit : #134
Status : SUCCESS
==========================================


==========================================
Time   : 2026-07-24 19:47:54 WIB
Farm   : 3
Commit : #135
Status : SUCCESS
==========================================


==========================================
Time   : 2026-07-25 00:25:34 WIB
Farm   : 3
Commit : #136
Status : SUCCESS
==========================================


==========================================
Time   : 2026-07-25 01:55:46 WIB
Farm   : 3
Commit : #137
Status : SUCCESS
==========================================


==========================================
Time   : 2026-07-25 03:16:45 WIB
Farm   : 3
Commit : #138
Status : SUCCESS
==========================================


==========================================
Time   : 2026-07-25 04:32:28 WIB
Farm   : 3
Commit : #139
Status : SUCCESS
==========================================


==========================================
Time   : 2026-07-25 05:37:02 WIB
Farm   : 3
Commit : #140
Status : SUCCESS
==========================================


==========================================
Time   : 2026-07-25 06:40:44 WIB
Farm   : 3
Commit : #141
Status : SUCCESS
==========================================


==========================================
Time   : 2026-07-25 08:08:36 WIB
Farm   : 3
Commit : #142
Status : SUCCESS
==========================================


==========================================
Time   : 2026-07-25 11:26:51 WIB
Farm   : 3
Commit : #143
Status : SUCCESS
==========================================


==========================================
Time   : 2026-07-25 13:37:39 WIB
Farm   : 3
Commit : #144
Status : SUCCESS
==========================================


==========================================
Time   : 2026-07-25 15:36:36 WIB
Farm   : 3
Commit : #145
Status : SUCCESS
==========================================


==========================================
Time   : 2026-07-25 17:13:42 WIB
Farm   : 3
Commit : #146
Status : SUCCESS
==========================================


==========================================
Time   : 2026-07-25 18:36:20 WIB
Farm   : 3
Commit : #147
Status : SUCCESS
==========================================


==========================================
Time   : 2026-07-25 19:44:26 WIB
Farm   : 3
Commit : #148
Status : SUCCESS
==========================================


==========================================
Time   : 2026-07-25 21:17:17 WIB
Farm   : 3
Commit : #149
Status : SUCCESS
==========================================


==========================================
Time   : 2026-07-26 02:46:52 WIB
Farm   : 3
Commit : #150
Status : SUCCESS
==========================================


==========================================
Time   : 2026-07-26 03:35:43 WIB
Farm   : 3
Commit : #151
Status : SUCCESS
==========================================


==========================================
Time   : 2026-07-26 08:10:10 WIB
Farm   : 3
Commit : #152
Status : SUCCESS
==========================================


==========================================
Time   : 2026-07-26 16:28:11 WIB
Farm   : 3
Commit : #153
Status : SUCCESS
==========================================


==========================================
Time   : 2026-07-26 18:00:25 WIB
Farm   : 3
Commit : #154
Status : SUCCESS
==========================================


==========================================
Time   : 2026-07-26 19:11:30 WIB
Farm   : 3
Commit : #155
Status : SUCCESS
==========================================


==========================================
Time   : 2026-07-26 20:55:48 WIB
Farm   : 3
Commit : #156
Status : SUCCESS
==========================================


==========================================
Time   : 2026-07-26 21:58:39 WIB
Farm   : 3
Commit : #157
Status : SUCCESS
==========================================


==========================================
Time   : 2026-07-26 23:03:00 WIB
Farm   : 3
Commit : #158
Status : SUCCESS
==========================================


==========================================
Time   : 2026-07-27 00:13:26 WIB
Farm   : 3
Commit : #159
Status : SUCCESS
==========================================


==========================================
Time   : 2026-07-27 01:12:54 WIB
Farm   : 3
Commit : #160
Status : SUCCESS
==========================================


==========================================
Time   : 2026-07-27 02:35:56 WIB
Farm   : 3
Commit : #161
Status : SUCCESS
==========================================


==========================================
Time   : 2026-07-27 03:33:58 WIB
Farm   : 3
Commit : #162
Status : SUCCESS
==========================================


==========================================
Time   : 2026-07-27 04:32:28 WIB
Farm   : 3
Commit : #163
Status : SUCCESS
==========================================


==========================================
Time   : 2026-07-27 08:14:07 WIB
Farm   : 3
Commit : #164
Status : SUCCESS
==========================================


==========================================
Time   : 2026-07-27 21:00:47 WIB
Farm   : 3
Commit : #165
Status : SUCCESS
==========================================


==========================================
Time   : 2026-07-27 23:28:00 WIB
Farm   : 3
Commit : #166
Status : SUCCESS
==========================================


==========================================
Time   : 2026-07-28 01:05:36 WIB
Farm   : 3
Commit : #167
Status : SUCCESS
==========================================


==========================================
Time   : 2026-07-28 02:50:40 WIB
Farm   : 3
Commit : #168
Status : SUCCESS
==========================================


==========================================
Time   : 2026-07-28 03:57:21 WIB
Farm   : 3
Commit : #169
Status : SUCCESS
==========================================


==========================================
Time   : 2026-07-28 05:04:58 WIB
Farm   : 3
Commit : #170
Status : SUCCESS
==========================================


==========================================
Time   : 2026-07-28 18:25:26 WIB
Farm   : 3
Commit : #171
Status : SUCCESS
==========================================


==========================================
Time   : 2026-07-28 20:09:28 WIB
Farm   : 3
Commit : #172
Status : SUCCESS
==========================================


==========================================
Time   : 2026-07-29 00:02:56 WIB
Farm   : 3
Commit : #173
Status : SUCCESS
==========================================


==========================================
Time   : 2026-07-29 04:07:02 WIB
Farm   : 3
Commit : #174
Status : SUCCESS
==========================================


==========================================
Time   : 2026-07-29 07:12:47 WIB
Farm   : 3
Commit : #175
Status : SUCCESS
==========================================


==========================================
Time   : 2026-07-29 22:25:27 WIB
Farm   : 3
Commit : #176
Status : SUCCESS
==========================================


==========================================
Time   : 2026-07-30 02:22:08 WIB
Farm   : 3
Commit : #177
Status : SUCCESS
==========================================


==========================================
Time   : 2026-07-30 06:33:14 WIB
Farm   : 3
Commit : #178
Status : SUCCESS
==========================================


==========================================
Time   : 2026-07-30 10:56:33 WIB
Farm   : 3
Commit : #179
Status : SUCCESS
==========================================


==========================================
Time   : 2026-07-30 13:24:02 WIB
Farm   : 3
Commit : #180
Status : SUCCESS
==========================================


==========================================
Time   : 2026-07-30 16:10:30 WIB
Farm   : 3
Commit : #181
Status : SUCCESS
==========================================


==========================================
Time   : 2026-07-30 22:10:40 WIB
Farm   : 3
Commit : #182
Status : SUCCESS
==========================================


==========================================
Time   : 2026-07-30 23:47:44 WIB
Farm   : 3
Commit : #183
Status : SUCCESS
==========================================


==========================================
Time   : 2026-07-31 01:05:11 WIB
Farm   : 3
Commit : #184
Status : SUCCESS
==========================================


==========================================
Time   : 2026-07-31 05:54:23 WIB
Farm   : 3
Commit : #185
Status : SUCCESS
==========================================


==========================================
Time   : 2026-07-31 06:51:52 WIB
Farm   : 3
Commit : #186
Status : SUCCESS
==========================================


==========================================
Time   : 2026-07-31 11:47:47 WIB
Farm   : 3
Commit : #187
Status : SUCCESS
==========================================


==========================================
Time   : 2026-07-31 14:39:54 WIB
Farm   : 3
Commit : #188
Status : SUCCESS
==========================================


==========================================
Time   : 2026-08-01 02:45:01 WIB
Farm   : 3
Commit : #189
Status : SUCCESS
==========================================


==========================================
Time   : 2026-08-01 03:47:17 WIB
Farm   : 3
Commit : #190
Status : SUCCESS
==========================================


==========================================
Time   : 2026-08-01 05:45:34 WIB
Farm   : 3
Commit : #191
Status : SUCCESS
==========================================


==========================================
Time   : 2026-08-01 06:46:26 WIB
Farm   : 3
Commit : #192
Status : SUCCESS
==========================================


==========================================
Time   : 2026-08-01 11:41:35 WIB
Farm   : 3
Commit : #193
Status : SUCCESS
==========================================


==========================================
Time   : 2026-08-01 16:24:24 WIB
Farm   : 3
Commit : #194
Status : SUCCESS
==========================================


==========================================
Time   : 2026-08-01 18:58:25 WIB
Farm   : 3
Commit : #195
Status : SUCCESS
==========================================


==========================================
Time   : 2026-08-01 20:19:33 WIB
Farm   : 3
Commit : #196
Status : SUCCESS
==========================================


==========================================
Time   : 2026-08-01 21:42:59 WIB
Farm   : 3
Commit : #197
Status : SUCCESS
==========================================


==========================================
Time   : 2026-08-02 04:33:29 WIB
Farm   : 3
Commit : #198
Status : SUCCESS
==========================================


==========================================
Time   : 2026-08-02 05:32:13 WIB
Farm   : 3
Commit : #199
Status : SUCCESS
==========================================


==========================================
Time   : 2026-08-02 08:09:33 WIB
Farm   : 3
Commit : #200
Status : SUCCESS
==========================================


==========================================
Time   : 2026-08-02 11:36:29 WIB
Farm   : 3
Commit : #201
Status : SUCCESS
==========================================


==========================================
Time   : 2026-08-02 17:56:26 WIB
Farm   : 3
Commit : #202
Status : SUCCESS
==========================================


==========================================
Time   : 2026-08-02 18:59:49 WIB
Farm   : 3
Commit : #203
Status : SUCCESS
==========================================


==========================================
Time   : 2026-08-02 20:40:02 WIB
Farm   : 3
Commit : #204
Status : SUCCESS
==========================================


==========================================
Time   : 2026-08-02 21:50:03 WIB
Farm   : 3
Commit : #205
Status : SUCCESS
==========================================


==========================================
Time   : 2026-08-02 22:46:45 WIB
Farm   : 3
Commit : #206
Status : SUCCESS
==========================================


==========================================
Time   : 2026-08-03 06:38:07 WIB
Farm   : 3
Commit : #207
Status : SUCCESS
==========================================


==========================================
Time   : 2026-08-03 08:12:20 WIB
Farm   : 3
Commit : #208
Status : SUCCESS
==========================================


==========================================
Time   : 2026-08-03 11:47:19 WIB
Farm   : 3
Commit : #209
Status : SUCCESS
==========================================


==========================================
Time   : 2026-08-03 18:46:16 WIB
Farm   : 3
Commit : #210
Status : SUCCESS
==========================================


==========================================
Time   : 2026-08-03 23:35:53 WIB
Farm   : 3
Commit : #211
Status : SUCCESS
==========================================


==========================================
Time   : 2026-08-04 01:23:17 WIB
Farm   : 3
Commit : #212
Status : SUCCESS
==========================================


==========================================
Time   : 2026-08-04 03:06:34 WIB
Farm   : 3
Commit : #213
Status : SUCCESS
==========================================


==========================================
Time   : 2026-08-04 06:38:14 WIB
Farm   : 3
Commit : #214
Status : SUCCESS
==========================================


==========================================
Time   : 2026-08-04 08:04:36 WIB
Farm   : 3
Commit : #215
Status : SUCCESS
==========================================


==========================================
Time   : 2026-08-04 11:24:30 WIB
Farm   : 3
Commit : #216
Status : SUCCESS
==========================================


==========================================
Time   : 2026-08-04 14:06:55 WIB
Farm   : 3
Commit : #217
Status : SUCCESS
==========================================


==========================================
Time   : 2026-08-04 16:47:16 WIB
Farm   : 3
Commit : #218
Status : SUCCESS
==========================================


==========================================
Time   : 2026-08-05 00:45:25 WIB
Farm   : 3
Commit : #219
Status : SUCCESS
==========================================


==========================================
Time   : 2026-08-05 02:12:17 WIB
Farm   : 3
Commit : #220
Status : SUCCESS
==========================================


==========================================
Time   : 2026-08-05 06:01:44 WIB
Farm   : 3
Commit : #221
Status : SUCCESS
==========================================


==========================================
Time   : 2026-08-05 07:12:08 WIB
Farm   : 3
Commit : #222
Status : SUCCESS
==========================================


==========================================
Time   : 2026-08-05 13:11:09 WIB
Farm   : 3
Commit : #223
Status : SUCCESS
==========================================


==========================================
Time   : 2026-08-06 01:22:08 WIB
Farm   : 3
Commit : #224
Status : SUCCESS
==========================================


==========================================
Time   : 2026-08-06 04:20:14 WIB
Farm   : 3
Commit : #225
Status : SUCCESS
==========================================


==========================================
Time   : 2026-08-06 05:32:58 WIB
Farm   : 3
Commit : #226
Status : SUCCESS
==========================================


==========================================
Time   : 2026-08-06 11:08:39 WIB
Farm   : 3
Commit : #227
Status : SUCCESS
==========================================


==========================================
Time   : 2026-08-06 13:42:24 WIB
Farm   : 3
Commit : #228
Status : SUCCESS
==========================================


==========================================
Time   : 2026-08-06 18:45:37 WIB
Farm   : 3
Commit : #229
Status : SUCCESS
==========================================


==========================================
Time   : 2026-08-06 20:22:57 WIB
Farm   : 3
Commit : #230
Status : SUCCESS
==========================================


==========================================
Time   : 2026-08-07 10:33:26 WIB
Farm   : 3
Commit : #231
Status : SUCCESS
==========================================


==========================================
Time   : 2026-08-07 13:36:29 WIB
Farm   : 3
Commit : #232
Status : SUCCESS
==========================================


==========================================
Time   : 2026-08-07 18:29:04 WIB
Farm   : 3
Commit : #233
Status : SUCCESS
==========================================


==========================================
Time   : 2026-08-07 21:37:05 WIB
Farm   : 3
Commit : #234
Status : SUCCESS
==========================================


==========================================
Time   : 2026-08-08 03:49:50 WIB
Farm   : 3
Commit : #235
Status : SUCCESS
==========================================


==========================================
Time   : 2026-08-08 05:04:48 WIB
Farm   : 3
Commit : #236
Status : SUCCESS
==========================================


==========================================
Time   : 2026-08-08 05:49:50 WIB
Farm   : 3
Commit : #237
Status : SUCCESS
==========================================


==========================================
Time   : 2026-08-08 06:20:51 WIB
Farm   : 3
Commit : #238
Status : SUCCESS
==========================================


==========================================
Time   : 2026-08-08 07:39:10 WIB
Farm   : 3
Commit : #239
Status : SUCCESS
==========================================


==========================================
Time   : 2026-08-08 09:35:58 WIB
Farm   : 3
Commit : #240
Status : SUCCESS
==========================================


==========================================
Time   : 2026-08-08 10:55:33 WIB
Farm   : 3
Commit : #241
Status : SUCCESS
==========================================


==========================================
Time   : 2026-08-08 11:48:25 WIB
Farm   : 3
Commit : #242
Status : SUCCESS
==========================================


==========================================
Time   : 2026-08-08 12:30:56 WIB
Farm   : 3
Commit : #243
Status : SUCCESS
==========================================


==========================================
Time   : 2026-08-08 14:12:39 WIB
Farm   : 3
Commit : #244
Status : SUCCESS
==========================================


==========================================
Time   : 2026-08-08 15:51:46 WIB
Farm   : 3
Commit : #245
Status : SUCCESS
==========================================


==========================================
Time   : 2026-08-08 16:23:28 WIB
Farm   : 3
Commit : #246
Status : SUCCESS
==========================================


==========================================
Time   : 2026-08-08 17:00:50 WIB
Farm   : 3
Commit : #247
Status : SUCCESS
==========================================


==========================================
Time   : 2026-08-08 17:43:19 WIB
Farm   : 3
Commit : #248
Status : SUCCESS
==========================================


==========================================
Time   : 2026-08-08 18:07:09 WIB
Farm   : 3
Commit : #249
Status : SUCCESS
==========================================


==========================================
Time   : 2026-08-08 18:38:39 WIB
Farm   : 3
Commit : #250
Status : SUCCESS
==========================================


==========================================
Time   : 2026-08-08 19:00:07 WIB
Farm   : 3
Commit : #251
Status : SUCCESS
==========================================


==========================================
Time   : 2026-08-08 20:02:27 WIB
Farm   : 3
Commit : #252
Status : SUCCESS
==========================================


==========================================
Time   : 2026-08-08 20:52:46 WIB
Farm   : 3
Commit : #253
Status : SUCCESS
==========================================


==========================================
Time   : 2026-08-08 22:51:41 WIB
Farm   : 3
Commit : #254
Status : SUCCESS
==========================================


==========================================
Time   : 2026-08-08 23:16:28 WIB
Farm   : 3
Commit : #255
Status : SUCCESS
==========================================


==========================================
Time   : 2026-08-08 23:55:14 WIB
Farm   : 3
Commit : #256
Status : SUCCESS
==========================================


==========================================
Time   : 2026-08-09 00:22:49 WIB
Farm   : 3
Commit : #257
Status : SUCCESS
==========================================


==========================================
Time   : 2026-08-09 00:54:50 WIB
Farm   : 3
Commit : #258
Status : SUCCESS
==========================================


==========================================
Time   : 2026-08-09 01:21:45 WIB
Farm   : 3
Commit : #259
Status : SUCCESS
==========================================


==========================================
Time   : 2026-08-09 02:04:45 WIB
Farm   : 3
Commit : #260
Status : SUCCESS
==========================================


==========================================
Time   : 2026-08-09 02:39:35 WIB
Farm   : 3
Commit : #261
Status : SUCCESS
==========================================


==========================================
Time   : 2026-08-09 03:01:51 WIB
Farm   : 3
Commit : #262
Status : SUCCESS
==========================================


==========================================
Time   : 2026-08-09 03:39:40 WIB
Farm   : 3
Commit : #263
Status : SUCCESS
==========================================


==========================================
Time   : 2026-08-09 04:41:46 WIB
Farm   : 3
Commit : #264
Status : SUCCESS
==========================================


==========================================
Time   : 2026-08-09 07:01:13 WIB
Farm   : 3
Commit : #265
Status : SUCCESS
==========================================


==========================================
Time   : 2026-08-09 09:20:12 WIB
Farm   : 3
Commit : #266
Status : SUCCESS
==========================================


==========================================
Time   : 2026-08-09 11:58:34 WIB
Farm   : 3
Commit : #267
Status : SUCCESS
==========================================


==========================================
Time   : 2026-08-09 12:47:54 WIB
Farm   : 3
Commit : #268
Status : SUCCESS
==========================================


==========================================
Time   : 2026-08-09 14:36:50 WIB
Farm   : 3
Commit : #269
Status : SUCCESS
==========================================


==========================================
Time   : 2026-08-09 15:21:10 WIB
Farm   : 3
Commit : #270
Status : SUCCESS
==========================================


==========================================
Time   : 2026-08-09 17:21:55 WIB
Farm   : 3
Commit : #271
Status : SUCCESS
==========================================


==========================================
Time   : 2026-08-09 18:30:02 WIB
Farm   : 3
Commit : #272
Status : SUCCESS
==========================================


==========================================
Time   : 2026-08-09 19:44:05 WIB
Farm   : 3
Commit : #273
Status : SUCCESS
==========================================


==========================================
Time   : 2026-08-09 20:37:30 WIB
Farm   : 3
Commit : #274
Status : SUCCESS
==========================================


==========================================
Time   : 2026-08-09 22:27:03 WIB
Farm   : 3
Commit : #275
Status : SUCCESS
==========================================


==========================================
Time   : 2026-08-09 23:35:16 WIB
Farm   : 3
Commit : #276
Status : SUCCESS
==========================================


==========================================
Time   : 2026-08-10 00:07:55 WIB
Farm   : 3
Commit : #277
Status : SUCCESS
==========================================


==========================================
Time   : 2026-08-10 00:45:21 WIB
Farm   : 3
Commit : #278
Status : SUCCESS
==========================================


==========================================
Time   : 2026-08-10 01:14:53 WIB
Farm   : 3
Commit : #279
Status : SUCCESS
==========================================


==========================================
Time   : 2026-08-10 02:04:14 WIB
Farm   : 3
Commit : #280
Status : SUCCESS
==========================================


==========================================
Time   : 2026-08-10 02:42:19 WIB
Farm   : 3
Commit : #281
Status : SUCCESS
==========================================


==========================================
Time   : 2026-08-10 04:50:38 WIB
Farm   : 3
Commit : #282
Status : SUCCESS
==========================================


==========================================
Time   : 2026-08-10 05:15:26 WIB
Farm   : 3
Commit : #283
Status : SUCCESS
==========================================


==========================================
Time   : 2026-08-10 05:52:10 WIB
Farm   : 3
Commit : #284
Status : SUCCESS
==========================================


==========================================
Time   : 2026-08-10 06:17:33 WIB
Farm   : 3
Commit : #285
Status : SUCCESS
==========================================


==========================================
Time   : 2026-08-10 06:51:29 WIB
Farm   : 3
Commit : #286
Status : SUCCESS
==========================================


==========================================
Time   : 2026-08-10 09:57:58 WIB
Farm   : 3
Commit : #287
Status : SUCCESS
==========================================


==========================================
Time   : 2026-08-10 11:41:03 WIB
Farm   : 3
Commit : #288
Status : SUCCESS
==========================================


==========================================
Time   : 2026-08-10 13:01:04 WIB
Farm   : 3
Commit : #289
Status : SUCCESS
==========================================


==========================================
Time   : 2026-08-10 14:58:44 WIB
Farm   : 3
Commit : #290
Status : SUCCESS
==========================================


==========================================
Time   : 2026-08-10 16:24:30 WIB
Farm   : 3
Commit : #291
Status : SUCCESS
==========================================


==========================================
Time   : 2026-08-10 17:41:37 WIB
Farm   : 3
Commit : #292
Status : SUCCESS
==========================================


==========================================
Time   : 2026-08-10 21:53:14 WIB
Farm   : 3
Commit : #293
Status : SUCCESS
==========================================


==========================================
Time   : 2026-08-10 22:45:09 WIB
Farm   : 3
Commit : #294
Status : SUCCESS
==========================================


==========================================
Time   : 2026-08-10 23:35:11 WIB
Farm   : 3
Commit : #295
Status : SUCCESS
==========================================


==========================================
Time   : 2026-08-11 00:31:23 WIB
Farm   : 3
Commit : #296
Status : SUCCESS
==========================================


==========================================
Time   : 2026-08-11 05:22:17 WIB
Farm   : 3
Commit : #297
Status : SUCCESS
==========================================


==========================================
Time   : 2026-08-11 06:02:35 WIB
Farm   : 3
Commit : #298
Status : SUCCESS
==========================================


==========================================
Time   : 2026-08-11 06:44:56 WIB
Farm   : 3
Commit : #299
Status : SUCCESS
==========================================


==========================================
Time   : 2026-08-11 14:34:01 WIB
Farm   : 3
Commit : #300
Status : SUCCESS
==========================================


==========================================
Time   : 2026-08-11 15:33:35 WIB
Farm   : 3
Commit : #301
Status : SUCCESS
==========================================


==========================================
Time   : 2026-08-11 16:35:59 WIB
Farm   : 3
Commit : #302
Status : SUCCESS
==========================================


==========================================
Time   : 2026-08-11 17:28:27 WIB
Farm   : 3
Commit : #303
Status : SUCCESS
==========================================


==========================================
Time   : 2026-08-11 18:21:23 WIB
Farm   : 3
Commit : #304
Status : SUCCESS
==========================================


==========================================
Time   : 2026-08-11 22:33:15 WIB
Farm   : 3
Commit : #305
Status : SUCCESS
==========================================


==========================================
Time   : 2026-08-12 01:26:01 WIB
Farm   : 3
Commit : #306
Status : SUCCESS
==========================================


==========================================
Time   : 2026-08-12 02:34:24 WIB
Farm   : 3
Commit : #307
Status : SUCCESS
==========================================


==========================================
Time   : 2026-08-12 03:20:19 WIB
Farm   : 3
Commit : #308
Status : SUCCESS
==========================================


==========================================
Time   : 2026-08-12 05:01:47 WIB
Farm   : 3
Commit : #309
Status : SUCCESS
==========================================


==========================================
Time   : 2026-08-12 05:55:33 WIB
Farm   : 3
Commit : #310
Status : SUCCESS
==========================================


==========================================
Time   : 2026-08-12 06:32:32 WIB
Farm   : 3
Commit : #311
Status : SUCCESS
==========================================


==========================================
Time   : 2026-08-12 11:28:44 WIB
Farm   : 3
Commit : #312
Status : SUCCESS
==========================================


==========================================
Time   : 2026-08-12 13:02:33 WIB
Farm   : 3
Commit : #313
Status : SUCCESS
==========================================


==========================================
Time   : 2026-08-12 14:19:21 WIB
Farm   : 3
Commit : #314
Status : SUCCESS
==========================================


==========================================
Time   : 2026-08-12 15:43:16 WIB
Farm   : 3
Commit : #315
Status : SUCCESS
==========================================


==========================================
Time   : 2026-08-12 18:34:45 WIB
Farm   : 3
Commit : #316
Status : SUCCESS
==========================================


==========================================
Time   : 2026-08-12 19:29:12 WIB
Farm   : 3
Commit : #317
Status : SUCCESS
==========================================


==========================================
Time   : 2026-08-12 21:59:41 WIB
Farm   : 3
Commit : #318
Status : SUCCESS
==========================================


==========================================
Time   : 2026-08-12 22:59:53 WIB
Farm   : 3
Commit : #319
Status : SUCCESS
==========================================


==========================================
Time   : 2026-08-13 00:03:36 WIB
Farm   : 3
Commit : #320
Status : SUCCESS
==========================================


==========================================
Time   : 2026-08-13 01:02:56 WIB
Farm   : 3
Commit : #321
Status : SUCCESS
==========================================


==========================================
Time   : 2026-08-13 02:14:20 WIB
Farm   : 3
Commit : #322
Status : SUCCESS
==========================================


==========================================
Time   : 2026-08-13 03:06:07 WIB
Farm   : 3
Commit : #323
Status : SUCCESS
==========================================


==========================================
Time   : 2026-08-13 03:58:33 WIB
Farm   : 3
Commit : #324
Status : SUCCESS
==========================================


==========================================
Time   : 2026-08-13 04:50:42 WIB
Farm   : 3
Commit : #325
Status : SUCCESS
==========================================


==========================================
Time   : 2026-08-13 05:25:50 WIB
Farm   : 3
Commit : #326
Status : SUCCESS
==========================================


==========================================
Time   : 2026-08-13 06:10:10 WIB
Farm   : 3
Commit : #327
Status : SUCCESS
==========================================


==========================================
Time   : 2026-08-13 06:56:46 WIB
Farm   : 3
Commit : #328
Status : SUCCESS
==========================================


==========================================
Time   : 2026-08-13 08:46:04 WIB
Farm   : 3
Commit : #329
Status : SUCCESS
==========================================


==========================================
Time   : 2026-08-13 10:55:17 WIB
Farm   : 3
Commit : #330
Status : SUCCESS
==========================================


==========================================
Time   : 2026-08-13 12:30:05 WIB
Farm   : 3
Commit : #331
Status : SUCCESS
==========================================


==========================================
Time   : 2026-08-13 13:59:28 WIB
Farm   : 3
Commit : #332
Status : SUCCESS
==========================================


==========================================
Time   : 2026-08-13 15:21:21 WIB
Farm   : 3
Commit : #333
Status : SUCCESS
==========================================


==========================================
Time   : 2026-08-13 17:41:29 WIB
Farm   : 3
Commit : #334
Status : SUCCESS
==========================================


==========================================
Time   : 2026-08-13 18:27:56 WIB
Farm   : 3
Commit : #335
Status : SUCCESS
==========================================


==========================================
Time   : 2026-08-13 20:45:23 WIB
Farm   : 3
Commit : #336
Status : SUCCESS
==========================================


==========================================
Time   : 2026-08-13 23:34:49 WIB
Farm   : 3
Commit : #337
Status : SUCCESS
==========================================


==========================================
Time   : 2026-08-14 00:35:33 WIB
Farm   : 3
Commit : #338
Status : SUCCESS
==========================================


==========================================
Time   : 2026-08-14 04:07:13 WIB
Farm   : 3
Commit : #339
Status : SUCCESS
==========================================


==========================================
Time   : 2026-08-14 05:45:25 WIB
Farm   : 3
Commit : #340
Status : SUCCESS
==========================================


==========================================
Time   : 2026-08-14 06:25:48 WIB
Farm   : 3
Commit : #341
Status : SUCCESS
==========================================


==========================================
Time   : 2026-08-14 07:06:12 WIB
Farm   : 3
Commit : #342
Status : SUCCESS
==========================================


==========================================
Time   : 2026-08-14 09:40:33 WIB
Farm   : 3
Commit : #343
Status : SUCCESS
==========================================


==========================================
Time   : 2026-08-14 11:29:46 WIB
Farm   : 3
Commit : #344
Status : SUCCESS
==========================================


==========================================
Time   : 2026-08-14 12:58:03 WIB
Farm   : 3
Commit : #345
Status : SUCCESS
==========================================


==========================================
Time   : 2026-08-14 14:24:03 WIB
Farm   : 3
Commit : #346
Status : SUCCESS
==========================================


==========================================
Time   : 2026-08-14 15:42:32 WIB
Farm   : 3
Commit : #347
Status : SUCCESS
==========================================


==========================================
Time   : 2026-08-14 16:43:17 WIB
Farm   : 3
Commit : #348
Status : SUCCESS
==========================================


==========================================
Time   : 2026-08-14 17:40:42 WIB
Farm   : 3
Commit : #349
Status : SUCCESS
==========================================


==========================================
Time   : 2026-08-14 19:08:13 WIB
Farm   : 3
Commit : #350
Status : SUCCESS
==========================================


==========================================
Time   : 2026-08-14 20:37:40 WIB
Farm   : 3
Commit : #351
Status : SUCCESS
==========================================


==========================================
Time   : 2026-08-14 21:37:08 WIB
Farm   : 3
Commit : #352
Status : SUCCESS
==========================================


==========================================
Time   : 2026-08-14 22:26:53 WIB
Farm   : 3
Commit : #353
Status : SUCCESS
==========================================


==========================================
Time   : 2026-08-14 23:15:18 WIB
Farm   : 3
Commit : #354
Status : SUCCESS
==========================================


==========================================
Time   : 2026-08-15 00:13:57 WIB
Farm   : 3
Commit : #355
Status : SUCCESS
==========================================


==========================================
Time   : 2026-08-15 01:07:59 WIB
Farm   : 3
Commit : #356
Status : SUCCESS
==========================================


==========================================
Time   : 2026-08-15 02:10:39 WIB
Farm   : 3
Commit : #357
Status : SUCCESS
==========================================


==========================================
Time   : 2026-08-15 02:55:55 WIB
Farm   : 3
Commit : #358
Status : SUCCESS
==========================================


==========================================
Time   : 2026-08-15 03:25:21 WIB
Farm   : 3
Commit : #359
Status : SUCCESS
==========================================


==========================================
Time   : 2026-08-15 03:52:36 WIB
Farm   : 3
Commit : #360
Status : SUCCESS
==========================================


==========================================
Time   : 2026-08-15 05:50:36 WIB
Farm   : 3
Commit : #361
Status : SUCCESS
==========================================


==========================================
Time   : 2026-08-15 06:09:45 WIB
Farm   : 3
Commit : #362
Status : SUCCESS
==========================================


==========================================
Time   : 2026-08-15 07:49:53 WIB
Farm   : 3
Commit : #363
Status : SUCCESS
==========================================


==========================================
Time   : 2026-08-15 09:06:20 WIB
Farm   : 3
Commit : #364
Status : SUCCESS
==========================================


==========================================
Time   : 2026-08-15 10:46:47 WIB
Farm   : 3
Commit : #365
Status : SUCCESS
==========================================


==========================================
Time   : 2026-08-15 11:16:34 WIB
Farm   : 3
Commit : #366
Status : SUCCESS
==========================================


==========================================
Time   : 2026-08-15 11:49:38 WIB
Farm   : 3
Commit : #367
Status : SUCCESS
==========================================


==========================================
Time   : 2026-08-15 12:12:58 WIB
Farm   : 3
Commit : #368
Status : SUCCESS
==========================================


==========================================
Time   : 2026-08-15 12:41:23 WIB
Farm   : 3
Commit : #369
Status : SUCCESS
==========================================


==========================================
Time   : 2026-08-15 13:50:41 WIB
Farm   : 3
Commit : #370
Status : SUCCESS
==========================================


==========================================
Time   : 2026-08-15 16:53:48 WIB
Farm   : 3
Commit : #371
Status : SUCCESS
==========================================


==========================================
Time   : 2026-08-15 17:13:17 WIB
Farm   : 3
Commit : #372
Status : SUCCESS
==========================================


==========================================
Time   : 2026-08-15 17:39:45 WIB
Farm   : 3
Commit : #373
Status : SUCCESS
==========================================


==========================================
Time   : 2026-08-15 17:57:42 WIB
Farm   : 3
Commit : #374
Status : SUCCESS
==========================================


==========================================
Time   : 2026-08-15 18:37:57 WIB
Farm   : 3
Commit : #375
Status : SUCCESS
==========================================


==========================================
Time   : 2026-08-15 18:54:44 WIB
Farm   : 3
Commit : #376
Status : SUCCESS
==========================================


==========================================
Time   : 2026-08-15 19:19:01 WIB
Farm   : 3
Commit : #377
Status : SUCCESS
==========================================


==========================================
Time   : 2026-08-15 20:03:01 WIB
Farm   : 3
Commit : #378
Status : SUCCESS
==========================================


==========================================
Time   : 2026-08-15 20:38:43 WIB
Farm   : 3
Commit : #379
Status : SUCCESS
==========================================


==========================================
Time   : 2026-08-15 20:57:52 WIB
Farm   : 3
Commit : #380
Status : SUCCESS
==========================================


==========================================
Time   : 2026-08-15 21:20:14 WIB
Farm   : 3
Commit : #381
Status : SUCCESS
==========================================


==========================================
Time   : 2026-08-15 21:43:57 WIB
Farm   : 3
Commit : #382
Status : SUCCESS
==========================================


==========================================
Time   : 2026-08-15 22:01:14 WIB
Farm   : 3
Commit : #383
Status : SUCCESS
==========================================


==========================================
Time   : 2026-08-15 22:26:57 WIB
Farm   : 3
Commit : #384
Status : SUCCESS
==========================================


==========================================
Time   : 2026-08-15 22:45:45 WIB
Farm   : 3
Commit : #385
Status : SUCCESS
==========================================


==========================================
Time   : 2026-08-15 22:59:01 WIB
Farm   : 3
Commit : #386
Status : SUCCESS
==========================================


==========================================
Time   : 2026-08-15 23:29:02 WIB
Farm   : 3
Commit : #387
Status : SUCCESS
==========================================


==========================================
Time   : 2026-08-15 23:52:12 WIB
Farm   : 3
Commit : #388
Status : SUCCESS
==========================================


==========================================
Time   : 2026-08-16 00:08:49 WIB
Farm   : 3
Commit : #389
Status : SUCCESS
==========================================


==========================================
Time   : 2026-08-16 00:52:35 WIB
Farm   : 3
Commit : #390
Status : SUCCESS
==========================================


==========================================
Time   : 2026-08-16 01:46:24 WIB
Farm   : 3
Commit : #391
Status : SUCCESS
==========================================


==========================================
Time   : 2026-08-16 02:07:53 WIB
Farm   : 3
Commit : #392
Status : SUCCESS
==========================================


==========================================
Time   : 2026-08-16 03:30:11 WIB
Farm   : 3
Commit : #393
Status : SUCCESS
==========================================


==========================================
Time   : 2026-08-16 03:50:17 WIB
Farm   : 3
Commit : #394
Status : SUCCESS
==========================================


==========================================
Time   : 2026-08-16 04:07:13 WIB
Farm   : 3
Commit : #395
Status : SUCCESS
==========================================


==========================================
Time   : 2026-08-16 04:49:08 WIB
Farm   : 3
Commit : #396
Status : SUCCESS
==========================================


==========================================
Time   : 2026-08-16 05:30:09 WIB
Farm   : 3
Commit : #397
Status : SUCCESS
==========================================


==========================================
Time   : 2026-08-16 06:04:53 WIB
Farm   : 3
Commit : #398
Status : SUCCESS
==========================================


==========================================
Time   : 2026-08-16 06:30:34 WIB
Farm   : 3
Commit : #399
Status : SUCCESS
==========================================


==========================================
Time   : 2026-08-16 08:50:21 WIB
Farm   : 3
Commit : #400
Status : SUCCESS
==========================================


==========================================
Time   : 2026-08-16 11:18:50 WIB
Farm   : 3
Commit : #401
Status : SUCCESS
==========================================


==========================================
Time   : 2026-08-16 11:53:46 WIB
Farm   : 3
Commit : #402
Status : SUCCESS
==========================================


==========================================
Time   : 2026-08-16 12:19:17 WIB
Farm   : 3
Commit : #403
Status : SUCCESS
==========================================


==========================================
Time   : 2026-08-16 12:48:31 WIB
Farm   : 3
Commit : #404
Status : SUCCESS
==========================================


==========================================
Time   : 2026-08-16 14:57:35 WIB
Farm   : 3
Commit : #405
Status : SUCCESS
==========================================


==========================================
Time   : 2026-08-16 15:29:26 WIB
Farm   : 3
Commit : #406
Status : SUCCESS
==========================================


==========================================
Time   : 2026-08-16 15:58:38 WIB
Farm   : 3
Commit : #407
Status : SUCCESS
==========================================


==========================================
Time   : 2026-08-16 16:29:17 WIB
Farm   : 3
Commit : #408
Status : SUCCESS
==========================================


==========================================
Time   : 2026-08-16 17:37:42 WIB
Farm   : 3
Commit : #409
Status : SUCCESS
==========================================


==========================================
Time   : 2026-08-16 18:17:45 WIB
Farm   : 3
Commit : #410
Status : SUCCESS
==========================================


==========================================
Time   : 2026-08-16 18:56:21 WIB
Farm   : 3
Commit : #411
Status : SUCCESS
==========================================


==========================================
Time   : 2026-08-16 19:28:33 WIB
Farm   : 3
Commit : #412
Status : SUCCESS
==========================================


==========================================
Time   : 2026-08-16 20:10:06 WIB
Farm   : 3
Commit : #413
Status : SUCCESS
==========================================


==========================================
Time   : 2026-08-16 20:44:29 WIB
Farm   : 3
Commit : #414
Status : SUCCESS
==========================================


==========================================
Time   : 2026-08-16 21:31:00 WIB
Farm   : 3
Commit : #415
Status : SUCCESS
==========================================


==========================================
Time   : 2026-08-16 22:08:33 WIB
Farm   : 3
Commit : #416
Status : SUCCESS
==========================================


==========================================
Time   : 2026-08-16 22:34:11 WIB
Farm   : 3
Commit : #417
Status : SUCCESS
==========================================


==========================================
Time   : 2026-08-16 22:52:28 WIB
Farm   : 3
Commit : #418
Status : SUCCESS
==========================================


==========================================
Time   : 2026-08-16 23:40:11 WIB
Farm   : 3
Commit : #419
Status : SUCCESS
==========================================


==========================================
Time   : 2026-08-16 23:59:59 WIB
Farm   : 3
Commit : #420
Status : SUCCESS
==========================================


==========================================
Time   : 2026-08-17 00:55:02 WIB
Farm   : 3
Commit : #421
Status : SUCCESS
==========================================


==========================================
Time   : 2026-08-17 01:50:32 WIB
Farm   : 3
Commit : #422
Status : SUCCESS
==========================================


==========================================
Time   : 2026-08-17 02:31:37 WIB
Farm   : 3
Commit : #423
Status : SUCCESS
==========================================


==========================================
Time   : 2026-08-17 03:00:10 WIB
Farm   : 3
Commit : #424
Status : SUCCESS
==========================================


==========================================
Time   : 2026-08-17 03:32:06 WIB
Farm   : 3
Commit : #425
Status : SUCCESS
==========================================


==========================================
Time   : 2026-08-17 03:51:16 WIB
Farm   : 3
Commit : #426
Status : SUCCESS
==========================================


==========================================
Time   : 2026-08-17 05:26:32 WIB
Farm   : 3
Commit : #427
Status : SUCCESS
==========================================


==========================================
Time   : 2026-08-17 08:20:28 WIB
Farm   : 3
Commit : #428
Status : SUCCESS
==========================================


==========================================
Time   : 2026-08-17 12:03:41 WIB
Farm   : 3
Commit : #429
Status : SUCCESS
==========================================


==========================================
Time   : 2026-08-17 12:44:46 WIB
Farm   : 3
Commit : #430
Status : SUCCESS
==========================================


==========================================
Time   : 2026-08-17 15:08:06 WIB
Farm   : 3
Commit : #431
Status : SUCCESS
==========================================


==========================================
Time   : 2026-08-17 16:42:18 WIB
Farm   : 3
Commit : #432
Status : SUCCESS
==========================================


==========================================
Time   : 2026-08-17 17:15:13 WIB
Farm   : 3
Commit : #433
Status : SUCCESS
==========================================


==========================================
Time   : 2026-08-17 17:50:01 WIB
Farm   : 3
Commit : #434
Status : SUCCESS
==========================================


==========================================
Time   : 2026-08-17 18:39:30 WIB
Farm   : 3
Commit : #435
Status : SUCCESS
==========================================


==========================================
Time   : 2026-08-17 18:58:44 WIB
Farm   : 3
Commit : #436
Status : SUCCESS
==========================================


==========================================
Time   : 2026-08-17 19:44:36 WIB
Farm   : 3
Commit : #437
Status : SUCCESS
==========================================


==========================================
Time   : 2026-08-17 20:26:56 WIB
Farm   : 3
Commit : #438
Status : SUCCESS
==========================================


==========================================
Time   : 2026-08-17 21:02:24 WIB
Farm   : 3
Commit : #439
Status : SUCCESS
==========================================


==========================================
Time   : 2026-08-17 22:49:11 WIB
Farm   : 3
Commit : #440
Status : SUCCESS
==========================================


==========================================
Time   : 2026-08-17 23:06:17 WIB
Farm   : 3
Commit : #441
Status : SUCCESS
==========================================


==========================================
Time   : 2026-08-18 00:35:25 WIB
Farm   : 3
Commit : #442
Status : SUCCESS
==========================================


==========================================
Time   : 2026-08-18 03:03:04 WIB
Farm   : 3
Commit : #443
Status : SUCCESS
==========================================


==========================================
Time   : 2026-08-18 03:38:20 WIB
Farm   : 3
Commit : #444
Status : SUCCESS
==========================================


==========================================
Time   : 2026-08-18 04:29:05 WIB
Farm   : 3
Commit : #445
Status : SUCCESS
==========================================


==========================================
Time   : 2026-08-18 06:25:06 WIB
Farm   : 3
Commit : #446
Status : SUCCESS
==========================================


==========================================
Time   : 2026-08-18 07:00:07 WIB
Farm   : 3
Commit : #447
Status : SUCCESS
==========================================


==========================================
Time   : 2026-08-18 08:43:25 WIB
Farm   : 3
Commit : #448
Status : SUCCESS
==========================================


==========================================
Time   : 2026-08-18 09:42:01 WIB
Farm   : 3
Commit : #449
Status : SUCCESS
==========================================


==========================================
Time   : 2026-08-18 10:28:21 WIB
Farm   : 3
Commit : #450
Status : SUCCESS
==========================================


==========================================
Time   : 2026-08-18 16:32:51 WIB
Farm   : 3
Commit : #451
Status : SUCCESS
==========================================


==========================================
Time   : 2026-08-18 17:01:08 WIB
Farm   : 3
Commit : #452
Status : SUCCESS
==========================================


==========================================
Time   : 2026-08-18 18:00:08 WIB
Farm   : 3
Commit : #453
Status : SUCCESS
==========================================


==========================================
Time   : 2026-08-18 18:31:03 WIB
Farm   : 3
Commit : #454
Status : SUCCESS
==========================================


==========================================
Time   : 2026-08-18 19:28:29 WIB
Farm   : 3
Commit : #455
Status : SUCCESS
==========================================


==========================================
Time   : 2026-08-18 20:24:38 WIB
Farm   : 3
Commit : #456
Status : SUCCESS
==========================================


==========================================
Time   : 2026-08-18 21:03:03 WIB
Farm   : 3
Commit : #457
Status : SUCCESS
==========================================


==========================================
Time   : 2026-08-18 21:44:24 WIB
Farm   : 3
Commit : #458
Status : SUCCESS
==========================================


==========================================
Time   : 2026-08-19 00:14:06 WIB
Farm   : 3
Commit : #459
Status : SUCCESS
==========================================


==========================================
Time   : 2026-08-19 00:44:24 WIB
Farm   : 3
Commit : #460
Status : SUCCESS
==========================================


==========================================
Time   : 2026-08-19 01:04:53 WIB
Farm   : 3
Commit : #461
Status : SUCCESS
==========================================


==========================================
Time   : 2026-08-19 01:51:42 WIB
Farm   : 3
Commit : #462
Status : SUCCESS
==========================================


==========================================
Time   : 2026-08-19 03:00:06 WIB
Farm   : 3
Commit : #463
Status : SUCCESS
==========================================


==========================================
Time   : 2026-08-19 03:29:55 WIB
Farm   : 3
Commit : #464
Status : SUCCESS
==========================================


==========================================
Time   : 2026-08-19 03:53:26 WIB
Farm   : 3
Commit : #465
Status : SUCCESS
==========================================


==========================================
Time   : 2026-08-19 04:11:15 WIB
Farm   : 3
Commit : #466
Status : SUCCESS
==========================================


==========================================
Time   : 2026-08-19 04:55:03 WIB
Farm   : 3
Commit : #467
Status : SUCCESS
==========================================


==========================================
Time   : 2026-08-19 05:15:05 WIB
Farm   : 3
Commit : #468
Status : SUCCESS
==========================================


==========================================
Time   : 2026-08-19 05:44:03 WIB
Farm   : 3
Commit : #469
Status : SUCCESS
==========================================


==========================================
Time   : 2026-08-19 06:30:04 WIB
Farm   : 3
Commit : #470
Status : SUCCESS
==========================================


==========================================
Time   : 2026-08-19 06:48:54 WIB
Farm   : 3
Commit : #471
Status : SUCCESS
==========================================


==========================================
Time   : 2026-08-19 07:01:42 WIB
Farm   : 3
Commit : #472
Status : SUCCESS
==========================================


==========================================
Time   : 2026-08-19 08:47:05 WIB
Farm   : 3
Commit : #473
Status : SUCCESS
==========================================


==========================================
Time   : 2026-08-19 09:45:14 WIB
Farm   : 3
Commit : #474
Status : SUCCESS
==========================================


==========================================
Time   : 2026-08-19 10:32:02 WIB
Farm   : 3
Commit : #475
Status : SUCCESS
==========================================


==========================================
Time   : 2026-08-19 11:10:45 WIB
Farm   : 3
Commit : #476
Status : SUCCESS
==========================================


==========================================
Time   : 2026-08-19 12:50:26 WIB
Farm   : 3
Commit : #477
Status : SUCCESS
==========================================


==========================================
Time   : 2026-08-19 18:32:15 WIB
Farm   : 3
Commit : #478
Status : SUCCESS
==========================================


==========================================
Time   : 2026-08-19 18:53:51 WIB
Farm   : 3
Commit : #479
Status : SUCCESS
==========================================


==========================================
Time   : 2026-08-19 20:17:57 WIB
Farm   : 3
Commit : #480
Status : SUCCESS
==========================================


==========================================
Time   : 2026-08-19 21:01:05 WIB
Farm   : 3
Commit : #481
Status : SUCCESS
==========================================


==========================================
Time   : 2026-08-19 21:43:19 WIB
Farm   : 3
Commit : #482
Status : SUCCESS
==========================================


==========================================
Time   : 2026-08-19 22:08:33 WIB
Farm   : 3
Commit : #483
Status : SUCCESS
==========================================


==========================================
Time   : 2026-08-19 23:04:03 WIB
Farm   : 3
Commit : #484
Status : SUCCESS
==========================================


==========================================
Time   : 2026-08-19 23:42:07 WIB
Farm   : 3
Commit : #485
Status : SUCCESS
==========================================


==========================================
Time   : 2026-08-20 02:01:31 WIB
Farm   : 3
Commit : #486
Status : SUCCESS
==========================================


==========================================
Time   : 2026-08-20 02:32:51 WIB
Farm   : 3
Commit : #487
Status : SUCCESS
==========================================


==========================================
Time   : 2026-08-20 03:13:45 WIB
Farm   : 3
Commit : #488
Status : SUCCESS
==========================================


==========================================
Time   : 2026-08-20 03:45:28 WIB
Farm   : 3
Commit : #489
Status : SUCCESS
==========================================


==========================================
Time   : 2026-08-20 04:09:48 WIB
Farm   : 3
Commit : #490
Status : SUCCESS
==========================================


==========================================
Time   : 2026-08-20 04:39:03 WIB
Farm   : 3
Commit : #491
Status : SUCCESS
==========================================


==========================================
Time   : 2026-08-20 04:58:05 WIB
Farm   : 3
Commit : #492
Status : SUCCESS
==========================================


==========================================
Time   : 2026-08-20 05:27:48 WIB
Farm   : 3
Commit : #493
Status : SUCCESS
==========================================


==========================================
Time   : 2026-08-20 05:52:07 WIB
Farm   : 3
Commit : #494
Status : SUCCESS
==========================================


==========================================
Time   : 2026-08-20 06:11:23 WIB
Farm   : 3
Commit : #495
Status : SUCCESS
==========================================


==========================================
Time   : 2026-08-20 07:40:54 WIB
Farm   : 3
Commit : #496
Status : SUCCESS
==========================================


==========================================
Time   : 2026-08-20 09:07:15 WIB
Farm   : 3
Commit : #497
Status : SUCCESS
==========================================


==========================================
Time   : 2026-08-20 10:08:56 WIB
Farm   : 3
Commit : #498
Status : SUCCESS
==========================================


==========================================
Time   : 2026-08-20 10:55:49 WIB
Farm   : 3
Commit : #499
Status : SUCCESS
==========================================


==========================================
Time   : 2026-08-20 11:33:14 WIB
Farm   : 3
Commit : #500
Status : SUCCESS
==========================================


==========================================
Time   : 2026-08-20 12:06:24 WIB
Farm   : 3
Commit : #501
Status : SUCCESS
==========================================


==========================================
Time   : 2026-08-20 12:42:27 WIB
Farm   : 3
Commit : #502
Status : SUCCESS
==========================================


==========================================
Time   : 2026-08-20 14:01:39 WIB
Farm   : 3
Commit : #503
Status : SUCCESS
==========================================


==========================================
Time   : 2026-08-20 14:49:46 WIB
Farm   : 3
Commit : #504
Status : SUCCESS
==========================================


==========================================
Time   : 2026-08-20 15:20:15 WIB
Farm   : 3
Commit : #505
Status : SUCCESS
==========================================


==========================================
Time   : 2026-08-20 16:43:42 WIB
Farm   : 3
Commit : #506
Status : SUCCESS
==========================================


==========================================
Time   : 2026-08-20 17:07:01 WIB
Farm   : 3
Commit : #507
Status : SUCCESS
==========================================


==========================================
Time   : 2026-08-20 18:05:30 WIB
Farm   : 3
Commit : #508
Status : SUCCESS
==========================================


==========================================
Time   : 2026-08-20 18:36:57 WIB
Farm   : 3
Commit : #509
Status : SUCCESS
==========================================


==========================================
Time   : 2026-08-20 19:53:05 WIB
Farm   : 3
Commit : #510
Status : SUCCESS
==========================================


==========================================
Time   : 2026-08-20 20:37:24 WIB
Farm   : 3
Commit : #511
Status : SUCCESS
==========================================


==========================================
Time   : 2026-08-20 21:18:47 WIB
Farm   : 3
Commit : #512
Status : SUCCESS
==========================================


==========================================
Time   : 2026-08-20 22:37:44 WIB
Farm   : 3
Commit : #513
Status : SUCCESS
==========================================


==========================================
Time   : 2026-08-20 23:46:36 WIB
Farm   : 3
Commit : #514
Status : SUCCESS
==========================================


==========================================
Time   : 2026-08-21 01:16:07 WIB
Farm   : 3
Commit : #515
Status : SUCCESS
==========================================


==========================================
Time   : 2026-08-21 02:03:04 WIB
Farm   : 3
Commit : #516
Status : SUCCESS
==========================================


==========================================
Time   : 2026-08-21 03:37:45 WIB
Farm   : 3
Commit : #517
Status : SUCCESS
==========================================


==========================================
Time   : 2026-08-21 04:35:44 WIB
Farm   : 3
Commit : #518
Status : SUCCESS
==========================================


==========================================
Time   : 2026-08-21 05:57:54 WIB
Farm   : 3
Commit : #519
Status : SUCCESS
==========================================


==========================================
Time   : 2026-08-21 06:23:31 WIB
Farm   : 3
Commit : #520
Status : SUCCESS
==========================================


==========================================
Time   : 2026-08-21 06:46:55 WIB
Farm   : 3
Commit : #521
Status : SUCCESS
==========================================


==========================================
Time   : 2026-08-21 07:02:26 WIB
Farm   : 3
Commit : #522
Status : SUCCESS
==========================================


==========================================
Time   : 2026-08-21 08:51:28 WIB
Farm   : 3
Commit : #523
Status : SUCCESS
==========================================


==========================================
Time   : 2026-08-21 14:01:57 WIB
Farm   : 3
Commit : #524
Status : SUCCESS
==========================================


==========================================
Time   : 2026-08-21 14:50:43 WIB
Farm   : 3
Commit : #525
Status : SUCCESS
==========================================


==========================================
Time   : 2026-08-21 17:14:51 WIB
Farm   : 3
Commit : #526
Status : SUCCESS
==========================================


==========================================
Time   : 2026-08-21 19:02:44 WIB
Farm   : 3
Commit : #527
Status : SUCCESS
==========================================


==========================================
Time   : 2026-08-21 21:24:25 WIB
Farm   : 3
Commit : #528
Status : SUCCESS
==========================================


==========================================
Time   : 2026-08-21 22:02:23 WIB
Farm   : 3
Commit : #529
Status : SUCCESS
==========================================


==========================================
Time   : 2026-08-21 22:43:09 WIB
Farm   : 3
Commit : #530
Status : SUCCESS
==========================================


==========================================
Time   : 2026-08-21 23:04:31 WIB
Farm   : 3
Commit : #531
Status : SUCCESS
==========================================


==========================================
Time   : 2026-08-22 00:47:35 WIB
Farm   : 3
Commit : #532
Status : SUCCESS
==========================================


==========================================
Time   : 2026-08-22 02:00:22 WIB
Farm   : 3
Commit : #533
Status : SUCCESS
==========================================


==========================================
Time   : 2026-08-22 03:34:38 WIB
Farm   : 3
Commit : #534
Status : SUCCESS
==========================================


==========================================
Time   : 2026-08-22 03:56:08 WIB
Farm   : 3
Commit : #535
Status : SUCCESS
==========================================


==========================================
Time   : 2026-08-22 04:18:28 WIB
Farm   : 3
Commit : #536
Status : SUCCESS
==========================================


==========================================
Time   : 2026-08-22 05:55:22 WIB
Farm   : 3
Commit : #537
Status : SUCCESS
==========================================


==========================================
Time   : 2026-08-22 06:16:05 WIB
Farm   : 3
Commit : #538
Status : SUCCESS
==========================================


==========================================
Time   : 2026-08-22 06:42:06 WIB
Farm   : 3
Commit : #539
Status : SUCCESS
==========================================


==========================================
Time   : 2026-08-22 07:00:48 WIB
Farm   : 3
Commit : #540
Status : SUCCESS
==========================================


==========================================
Time   : 2026-08-22 08:37:45 WIB
Farm   : 3
Commit : #541
Status : SUCCESS
==========================================


==========================================
Time   : 2026-08-22 09:39:31 WIB
Farm   : 3
Commit : #542
Status : SUCCESS
==========================================


==========================================
Time   : 2026-08-22 10:25:04 WIB
Farm   : 3
Commit : #543
Status : SUCCESS
==========================================


==========================================
Time   : 2026-08-22 11:44:30 WIB
Farm   : 3
Commit : #544
Status : SUCCESS
==========================================


==========================================
Time   : 2026-08-22 12:05:10 WIB
Farm   : 3
Commit : #545
Status : SUCCESS
==========================================


==========================================
Time   : 2026-08-22 12:37:57 WIB
Farm   : 3
Commit : #546
Status : SUCCESS
==========================================


==========================================
Time   : 2026-08-22 13:47:10 WIB
Farm   : 3
Commit : #547
Status : SUCCESS
==========================================


==========================================
Time   : 2026-08-22 15:12:53 WIB
Farm   : 3
Commit : #548
Status : SUCCESS
==========================================


==========================================
Time   : 2026-08-22 15:49:03 WIB
Farm   : 3
Commit : #549
Status : SUCCESS
==========================================


==========================================
Time   : 2026-08-22 16:13:07 WIB
Farm   : 3
Commit : #550
Status : SUCCESS
==========================================


==========================================
Time   : 2026-08-22 16:43:18 WIB
Farm   : 3
Commit : #551
Status : SUCCESS
==========================================


==========================================
Time   : 2026-08-22 17:00:39 WIB
Farm   : 3
Commit : #552
Status : SUCCESS
==========================================


==========================================
Time   : 2026-08-22 17:30:48 WIB
Farm   : 3
Commit : #553
Status : SUCCESS
==========================================


==========================================
Time   : 2026-08-22 17:53:12 WIB
Farm   : 3
Commit : #554
Status : SUCCESS
==========================================


==========================================
Time   : 2026-08-22 18:08:44 WIB
Farm   : 3
Commit : #555
Status : SUCCESS
==========================================


==========================================
Time   : 2026-08-22 18:51:03 WIB
Farm   : 3
Commit : #556
Status : SUCCESS
==========================================


==========================================
Time   : 2026-08-22 19:12:07 WIB
Farm   : 3
Commit : #557
Status : SUCCESS
==========================================


==========================================
Time   : 2026-08-22 19:59:50 WIB
Farm   : 3
Commit : #558
Status : SUCCESS
==========================================


==========================================
Time   : 2026-08-22 20:36:25 WIB
Farm   : 3
Commit : #559
Status : SUCCESS
==========================================


==========================================
Time   : 2026-08-22 20:56:15 WIB
Farm   : 3
Commit : #560
Status : SUCCESS
==========================================


==========================================
Time   : 2026-08-22 21:17:00 WIB
Farm   : 3
Commit : #561
Status : SUCCESS
==========================================


==========================================
Time   : 2026-08-22 21:58:34 WIB
Farm   : 3
Commit : #562
Status : SUCCESS
==========================================


==========================================
Time   : 2026-08-22 22:23:17 WIB
Farm   : 3
Commit : #563
Status : SUCCESS
==========================================


==========================================
Time   : 2026-08-22 22:57:58 WIB
Farm   : 3
Commit : #564
Status : SUCCESS
==========================================


==========================================
Time   : 2026-08-22 23:24:28 WIB
Farm   : 3
Commit : #565
Status : SUCCESS
==========================================


==========================================
Time   : 2026-08-22 23:47:56 WIB
Farm   : 3
Commit : #566
Status : SUCCESS
==========================================


==========================================
Time   : 2026-08-23 00:03:41 WIB
Farm   : 3
Commit : #567
Status : SUCCESS
==========================================


==========================================
Time   : 2026-08-23 00:49:12 WIB
Farm   : 3
Commit : #568
Status : SUCCESS
==========================================


==========================================
Time   : 2026-08-23 01:41:41 WIB
Farm   : 3
Commit : #569
Status : SUCCESS
==========================================


==========================================
Time   : 2026-08-23 02:03:26 WIB
Farm   : 3
Commit : #570
Status : SUCCESS
==========================================


==========================================
Time   : 2026-08-23 02:31:03 WIB
Farm   : 3
Commit : #571
Status : SUCCESS
==========================================


==========================================
Time   : 2026-08-23 02:48:54 WIB
Farm   : 3
Commit : #572
Status : SUCCESS
==========================================


==========================================
Time   : 2026-08-23 03:00:48 WIB
Farm   : 3
Commit : #573
Status : SUCCESS
==========================================


==========================================
Time   : 2026-08-23 03:33:31 WIB
Farm   : 3
Commit : #574
Status : SUCCESS
==========================================


==========================================
Time   : 2026-08-23 03:54:17 WIB
Farm   : 3
Commit : #575
Status : SUCCESS
==========================================


==========================================
Time   : 2026-08-23 04:10:50 WIB
Farm   : 3
Commit : #576
Status : SUCCESS
==========================================


==========================================
Time   : 2026-08-23 04:53:37 WIB
Farm   : 3
Commit : #577
Status : SUCCESS
==========================================


==========================================
Time   : 2026-08-23 05:37:35 WIB
Farm   : 3
Commit : #578
Status : SUCCESS
==========================================


==========================================
Time   : 2026-08-23 05:57:01 WIB
Farm   : 3
Commit : #579
Status : SUCCESS
==========================================


==========================================
Time   : 2026-08-23 06:17:07 WIB
Farm   : 3
Commit : #580
Status : SUCCESS
==========================================


==========================================
Time   : 2026-08-23 06:39:16 WIB
Farm   : 3
Commit : #581
Status : SUCCESS
==========================================


==========================================
Time   : 2026-08-23 06:55:19 WIB
Farm   : 3
Commit : #582
Status : SUCCESS
==========================================


==========================================
Time   : 2026-08-23 09:23:28 WIB
Farm   : 3
Commit : #583
Status : SUCCESS
==========================================


==========================================
Time   : 2026-08-23 10:27:44 WIB
Farm   : 3
Commit : #584
Status : SUCCESS
==========================================


==========================================
Time   : 2026-08-23 11:50:05 WIB
Farm   : 3
Commit : #585
Status : SUCCESS
==========================================


==========================================
Time   : 2026-08-23 12:48:33 WIB
Farm   : 3
Commit : #586
Status : SUCCESS
==========================================


==========================================
Time   : 2026-08-23 14:44:20 WIB
Farm   : 3
Commit : #587
Status : SUCCESS
==========================================


==========================================
Time   : 2026-08-23 15:42:04 WIB
Farm   : 3
Commit : #588
Status : SUCCESS
==========================================


==========================================
Time   : 2026-08-23 16:03:56 WIB
Farm   : 3
Commit : #589
Status : SUCCESS
==========================================


==========================================
Time   : 2026-08-23 17:46:43 WIB
Farm   : 3
Commit : #590
Status : SUCCESS
==========================================


==========================================
Time   : 2026-08-23 18:29:47 WIB
Farm   : 3
Commit : #591
Status : SUCCESS
==========================================


==========================================
Time   : 2026-08-23 20:55:52 WIB
Farm   : 3
Commit : #592
Status : SUCCESS
==========================================


==========================================
Time   : 2026-08-23 21:18:20 WIB
Farm   : 3
Commit : #593
Status : SUCCESS
==========================================


==========================================
Time   : 2026-08-23 22:32:39 WIB
Farm   : 3
Commit : #594
Status : SUCCESS
==========================================


==========================================
Time   : 2026-08-24 00:00:54 WIB
Farm   : 3
Commit : #595
Status : SUCCESS
==========================================


==========================================
Time   : 2026-08-24 00:26:38 WIB
Farm   : 3
Commit : #596
Status : SUCCESS
==========================================


==========================================
Time   : 2026-08-24 00:45:05 WIB
Farm   : 3
Commit : #597
Status : SUCCESS
==========================================


==========================================
Time   : 2026-08-24 01:36:37 WIB
Farm   : 3
Commit : #598
Status : SUCCESS
==========================================


==========================================
Time   : 2026-08-24 02:01:04 WIB
Farm   : 3
Commit : #599
Status : SUCCESS
==========================================


==========================================
Time   : 2026-08-24 02:28:49 WIB
Farm   : 3
Commit : #600
Status : SUCCESS
==========================================


==========================================
Time   : 2026-08-24 04:09:05 WIB
Farm   : 3
Commit : #601
Status : SUCCESS
==========================================


==========================================
Time   : 2026-08-24 04:35:11 WIB
Farm   : 3
Commit : #602
Status : SUCCESS
==========================================


==========================================
Time   : 2026-08-24 05:08:41 WIB
Farm   : 3
Commit : #603
Status : SUCCESS
==========================================


==========================================
Time   : 2026-08-24 05:35:54 WIB
Farm   : 3
Commit : #604
Status : SUCCESS
==========================================


==========================================
Time   : 2026-08-24 07:37:47 WIB
Farm   : 3
Commit : #605
Status : SUCCESS
==========================================


==========================================
Time   : 2026-08-24 11:58:53 WIB
Farm   : 3
Commit : #606
Status : SUCCESS
==========================================


==========================================
Time   : 2026-08-24 12:41:35 WIB
Farm   : 3
Commit : #607
Status : SUCCESS
==========================================


==========================================
Time   : 2026-08-24 13:23:40 WIB
Farm   : 3
Commit : #608
Status : SUCCESS
==========================================


==========================================
Time   : 2026-08-24 15:23:37 WIB
Farm   : 3
Commit : #609
Status : SUCCESS
==========================================


==========================================
Time   : 2026-08-24 17:47:23 WIB
Farm   : 3
Commit : #610
Status : SUCCESS
==========================================


==========================================
Time   : 2026-08-24 21:48:50 WIB
Farm   : 3
Commit : #611
Status : SUCCESS
==========================================


==========================================
Time   : 2026-08-24 22:25:24 WIB
Farm   : 3
Commit : #612
Status : SUCCESS
==========================================


==========================================
Time   : 2026-08-24 23:51:06 WIB
Farm   : 3
Commit : #613
Status : SUCCESS
==========================================


==========================================
Time   : 2026-08-25 02:38:25 WIB
Farm   : 3
Commit : #614
Status : SUCCESS
==========================================


==========================================
Time   : 2026-08-25 05:32:14 WIB
Farm   : 3
Commit : #615
Status : SUCCESS
==========================================


==========================================
Time   : 2026-08-25 06:18:34 WIB
Farm   : 3
Commit : #616
Status : SUCCESS
==========================================


==========================================
Time   : 2026-08-25 08:18:50 WIB
Farm   : 3
Commit : #617
Status : SUCCESS
==========================================


==========================================
Time   : 2026-08-25 12:54:01 WIB
Farm   : 3
Commit : #618
Status : SUCCESS
==========================================


==========================================
Time   : 2026-08-25 13:23:38 WIB
Farm   : 3
Commit : #619
Status : SUCCESS
==========================================


==========================================
Time   : 2026-08-25 14:16:02 WIB
Farm   : 3
Commit : #620
Status : SUCCESS
==========================================


==========================================
Time   : 2026-08-25 15:52:33 WIB
Farm   : 3
Commit : #621
Status : SUCCESS
==========================================


==========================================
Time   : 2026-08-25 16:22:27 WIB
Farm   : 3
Commit : #622
Status : SUCCESS
==========================================


==========================================
Time   : 2026-08-25 16:56:45 WIB
Farm   : 3
Commit : #623
Status : SUCCESS
==========================================


==========================================
Time   : 2026-08-25 18:59:03 WIB
Farm   : 3
Commit : #624
Status : SUCCESS
==========================================


==========================================
Time   : 2026-08-25 19:55:19 WIB
Farm   : 3
Commit : #625
Status : SUCCESS
==========================================


==========================================
Time   : 2026-08-25 20:44:14 WIB
Farm   : 3
Commit : #626
Status : SUCCESS
==========================================


==========================================
Time   : 2026-08-25 23:04:31 WIB
Farm   : 3
Commit : #627
Status : SUCCESS
==========================================


==========================================
Time   : 2026-08-25 23:50:21 WIB
Farm   : 3
Commit : #628
Status : SUCCESS
==========================================


==========================================
Time   : 2026-08-26 01:19:07 WIB
Farm   : 3
Commit : #629
Status : SUCCESS
==========================================


==========================================
Time   : 2026-08-26 02:03:04 WIB
Farm   : 3
Commit : #630
Status : SUCCESS
==========================================


==========================================
Time   : 2026-08-26 04:36:09 WIB
Farm   : 3
Commit : #631
Status : SUCCESS
==========================================


==========================================
Time   : 2026-08-26 05:25:05 WIB
Farm   : 3
Commit : #632
Status : SUCCESS
==========================================


==========================================
Time   : 2026-08-26 05:54:24 WIB
Farm   : 3
Commit : #633
Status : SUCCESS
==========================================


==========================================
Time   : 2026-08-26 06:15:40 WIB
Farm   : 3
Commit : #634
Status : SUCCESS
==========================================


==========================================
Time   : 2026-08-26 06:41:38 WIB
Farm   : 3
Commit : #635
Status : SUCCESS
==========================================


==========================================
Time   : 2026-08-26 07:00:07 WIB
Farm   : 3
Commit : #636
Status : SUCCESS
==========================================


==========================================
Time   : 2026-08-26 08:35:55 WIB
Farm   : 3
Commit : #637
Status : SUCCESS
==========================================


==========================================
Time   : 2026-08-26 09:51:16 WIB
Farm   : 3
Commit : #638
Status : SUCCESS
==========================================


==========================================
Time   : 2026-08-26 11:25:19 WIB
Farm   : 3
Commit : #639
Status : SUCCESS
==========================================


==========================================
Time   : 2026-08-26 13:18:05 WIB
Farm   : 3
Commit : #640
Status : SUCCESS
==========================================


==========================================
Time   : 2026-08-26 14:13:04 WIB
Farm   : 3
Commit : #641
Status : SUCCESS
==========================================


==========================================
Time   : 2026-08-26 15:53:56 WIB
Farm   : 3
Commit : #642
Status : SUCCESS
==========================================


==========================================
Time   : 2026-08-26 16:30:20 WIB
Farm   : 3
Commit : #643
Status : SUCCESS
==========================================


==========================================
Time   : 2026-08-26 17:48:28 WIB
Farm   : 3
Commit : #644
Status : SUCCESS
==========================================


==========================================
Time   : 2026-08-26 18:48:26 WIB
Farm   : 3
Commit : #645
Status : SUCCESS
==========================================


==========================================
Time   : 2026-08-26 19:19:32 WIB
Farm   : 3
Commit : #646
Status : SUCCESS
==========================================


==========================================
Time   : 2026-08-26 21:12:14 WIB
Farm   : 3
Commit : #647
Status : SUCCESS
==========================================


==========================================
Time   : 2026-08-27 03:18:00 WIB
Farm   : 3
Commit : #648
Status : SUCCESS
==========================================


==========================================
Time   : 2026-08-27 06:43:57 WIB
Farm   : 3
Commit : #649
Status : SUCCESS
==========================================


==========================================
Time   : 2026-08-27 12:07:12 WIB
Farm   : 3
Commit : #650
Status : SUCCESS
==========================================


==========================================
Time   : 2026-08-27 23:27:35 WIB
Farm   : 3
Commit : #651
Status : SUCCESS
==========================================


==========================================
Time   : 2026-08-28 08:02:56 WIB
Farm   : 3
Commit : #652
Status : SUCCESS
==========================================


==========================================
Time   : 2026-08-29 10:53:52 WIB
Farm   : 3
Commit : #653
Status : SUCCESS
==========================================


==========================================
Time   : 2026-08-29 17:29:54 WIB
Farm   : 3
Commit : #654
Status : SUCCESS
==========================================


==========================================
Time   : 2026-08-30 01:34:21 WIB
Farm   : 3
Commit : #655
Status : SUCCESS
==========================================


==========================================
Time   : 2026-08-30 04:09:03 WIB
Farm   : 3
Commit : #656
Status : SUCCESS
==========================================


==========================================
Time   : 2026-08-30 06:17:21 WIB
Farm   : 3
Commit : #657
Status : SUCCESS
==========================================


==========================================
Time   : 2026-08-30 08:18:52 WIB
Farm   : 3
Commit : #658
Status : SUCCESS
==========================================


==========================================
Time   : 2026-08-30 13:47:54 WIB
Farm   : 3
Commit : #659
Status : SUCCESS
==========================================


==========================================
Time   : 2026-08-31 05:00:04 WIB
Farm   : 3
Commit : #660
Status : SUCCESS
==========================================


==========================================
Time   : 2026-08-31 12:48:32 WIB
Farm   : 3
Commit : #661
Status : SUCCESS
==========================================


==========================================
Time   : 2026-09-01 01:14:12 WIB
Farm   : 3
Commit : #662
Status : SUCCESS
==========================================


==========================================
Time   : 2026-09-01 08:29:38 WIB
Farm   : 3
Commit : #663
Status : SUCCESS
==========================================


==========================================
Time   : 2026-09-01 13:38:36 WIB
Farm   : 3
Commit : #664
Status : SUCCESS
==========================================


==========================================
Time   : 2026-09-01 23:28:11 WIB
Farm   : 3
Commit : #665
Status : SUCCESS
==========================================


==========================================
Time   : 2026-09-02 02:28:23 WIB
Farm   : 3
Commit : #666
Status : SUCCESS
==========================================


==========================================
Time   : 2026-09-02 04:56:52 WIB
Farm   : 3
Commit : #667
Status : SUCCESS
==========================================


==========================================
Time   : 2026-09-02 06:45:16 WIB
Farm   : 3
Commit : #668
Status : SUCCESS
==========================================


==========================================
Time   : 2026-09-02 08:27:28 WIB
Farm   : 3
Commit : #669
Status : SUCCESS
==========================================


==========================================
Time   : 2026-09-02 13:09:44 WIB
Farm   : 3
Commit : #670
Status : SUCCESS
==========================================


==========================================
Time   : 2026-09-02 18:15:00 WIB
Farm   : 3
Commit : #671
Status : SUCCESS
==========================================


==========================================
Time   : 2026-09-02 22:08:24 WIB
Farm   : 3
Commit : #672
Status : SUCCESS
==========================================


==========================================
Time   : 2026-09-03 01:38:49 WIB
Farm   : 3
Commit : #673
Status : SUCCESS
==========================================


==========================================
Time   : 2026-09-03 04:16:29 WIB
Farm   : 3
Commit : #674
Status : SUCCESS
==========================================


==========================================
Time   : 2026-09-03 06:21:32 WIB
Farm   : 3
Commit : #675
Status : SUCCESS
==========================================


==========================================
Time   : 2026-09-03 08:14:40 WIB
Farm   : 3
Commit : #676
Status : SUCCESS
==========================================


==========================================
Time   : 2026-09-03 17:09:15 WIB
Farm   : 3
Commit : #677
Status : SUCCESS
==========================================


==========================================
Time   : 2026-09-03 21:31:22 WIB
Farm   : 3
Commit : #678
Status : SUCCESS
==========================================


==========================================
Time   : 2026-09-04 03:53:18 WIB
Farm   : 3
Commit : #679
Status : SUCCESS
==========================================


==========================================
Time   : 2026-09-04 11:58:05 WIB
Farm   : 3
Commit : #680
Status : SUCCESS
==========================================

