
==========================================
Time   : 2026-07-08 18:56:33 WIB
Farm   : 2
Commit : #1
Status : SUCCESS
==========================================


==========================================
Time   : 2026-07-08 21:06:15 WIB
Farm   : 2
Commit : #2
Status : SUCCESS
==========================================


==========================================
Time   : 2026-07-08 23:09:49 WIB
Farm   : 2
Commit : #3
Status : SUCCESS
==========================================


==========================================
Time   : 2026-07-09 00:52:29 WIB
Farm   : 2
Commit : #4
Status : SUCCESS
==========================================


==========================================
Time   : 2026-07-09 02:09:54 WIB
Farm   : 2
Commit : #5
Status : SUCCESS
==========================================


==========================================
Time   : 2026-07-09 03:38:41 WIB
Farm   : 2
Commit : #6
Status : SUCCESS
==========================================


==========================================
Time   : 2026-07-09 04:49:05 WIB
Farm   : 2
Commit : #7
Status : SUCCESS
==========================================


==========================================
Time   : 2026-07-09 05:50:10 WIB
Farm   : 2
Commit : #8
Status : SUCCESS
==========================================


==========================================
Time   : 2026-07-09 06:57:16 WIB
Farm   : 2
Commit : #9
Status : SUCCESS
==========================================


==========================================
Time   : 2026-07-09 10:27:51 WIB
Farm   : 2
Commit : #10
Status : SUCCESS
==========================================


==========================================
Time   : 2026-07-09 14:05:44 WIB
Farm   : 2
Commit : #11
Status : SUCCESS
==========================================


==========================================
Time   : 2026-07-09 17:30:30 WIB
Farm   : 2
Commit : #12
Status : SUCCESS
==========================================


==========================================
Time   : 2026-07-09 20:34:49 WIB
Farm   : 2
Commit : #13
Status : SUCCESS
==========================================


==========================================
Time   : 2026-07-09 23:15:13 WIB
Farm   : 2
Commit : #14
Status : SUCCESS
==========================================


==========================================
Time   : 2026-07-10 01:13:56 WIB
Farm   : 2
Commit : #15
Status : SUCCESS
==========================================


==========================================
Time   : 2026-07-10 04:42:44 WIB
Farm   : 2
Commit : #16
Status : SUCCESS
==========================================


==========================================
Time   : 2026-07-10 11:16:48 WIB
Farm   : 2
Commit : #17
Status : SUCCESS
==========================================


==========================================
Time   : 2026-07-10 14:56:02 WIB
Farm   : 2
Commit : #18
Status : SUCCESS
==========================================


==========================================
Time   : 2026-07-10 17:57:28 WIB
Farm   : 2
Commit : #19
Status : SUCCESS
==========================================


==========================================
Time   : 2026-07-10 20:15:19 WIB
Farm   : 2
Commit : #20
Status : SUCCESS
==========================================


==========================================
Time   : 2026-07-10 22:41:17 WIB
Farm   : 2
Commit : #21
Status : SUCCESS
==========================================


==========================================
Time   : 2026-07-11 04:44:05 WIB
Farm   : 2
Commit : #22
Status : SUCCESS
==========================================


==========================================
Time   : 2026-07-11 06:42:23 WIB
Farm   : 2
Commit : #23
Status : SUCCESS
==========================================


==========================================
Time   : 2026-07-11 08:11:23 WIB
Farm   : 2
Commit : #24
Status : SUCCESS
==========================================


==========================================
Time   : 2026-07-11 11:28:54 WIB
Farm   : 2
Commit : #25
Status : SUCCESS
==========================================


==========================================
Time   : 2026-07-11 13:38:28 WIB
Farm   : 2
Commit : #26
Status : SUCCESS
==========================================


==========================================
Time   : 2026-07-11 15:27:21 WIB
Farm   : 2
Commit : #27
Status : SUCCESS
==========================================


==========================================
Time   : 2026-07-11 17:02:09 WIB
Farm   : 2
Commit : #28
Status : SUCCESS
==========================================


==========================================
Time   : 2026-07-11 18:17:10 WIB
Farm   : 2
Commit : #29
Status : SUCCESS
==========================================


==========================================
Time   : 2026-07-11 19:08:33 WIB
Farm   : 2
Commit : #30
Status : SUCCESS
==========================================


==========================================
Time   : 2026-07-11 20:53:52 WIB
Farm   : 2
Commit : #31
Status : SUCCESS
==========================================


==========================================
Time   : 2026-07-11 21:47:18 WIB
Farm   : 2
Commit : #32
Status : SUCCESS
==========================================


==========================================
Time   : 2026-07-11 22:41:22 WIB
Farm   : 2
Commit : #33
Status : SUCCESS
==========================================


==========================================
Time   : 2026-07-12 00:39:51 WIB
Farm   : 2
Commit : #34
Status : SUCCESS
==========================================


==========================================
Time   : 2026-07-12 01:37:02 WIB
Farm   : 2
Commit : #35
Status : SUCCESS
==========================================


==========================================
Time   : 2026-07-12 02:51:30 WIB
Farm   : 2
Commit : #36
Status : SUCCESS
==========================================


==========================================
Time   : 2026-07-12 03:36:10 WIB
Farm   : 2
Commit : #37
Status : SUCCESS
==========================================


==========================================
Time   : 2026-07-12 04:31:14 WIB
Farm   : 2
Commit : #38
Status : SUCCESS
==========================================


==========================================
Time   : 2026-07-12 05:28:53 WIB
Farm   : 2
Commit : #39
Status : SUCCESS
==========================================


==========================================
Time   : 2026-07-12 06:33:36 WIB
Farm   : 2
Commit : #40
Status : SUCCESS
==========================================


==========================================
Time   : 2026-07-12 08:08:43 WIB
Farm   : 2
Commit : #41
Status : SUCCESS
==========================================


==========================================
Time   : 2026-07-12 11:37:43 WIB
Farm   : 2
Commit : #42
Status : SUCCESS
==========================================


==========================================
Time   : 2026-07-12 14:16:17 WIB
Farm   : 2
Commit : #43
Status : SUCCESS
==========================================


==========================================
Time   : 2026-07-12 17:50:02 WIB
Farm   : 2
Commit : #44
Status : SUCCESS
==========================================


==========================================
Time   : 2026-07-12 21:17:48 WIB
Farm   : 2
Commit : #45
Status : SUCCESS
==========================================


==========================================
Time   : 2026-07-12 22:29:47 WIB
Farm   : 2
Commit : #46
Status : SUCCESS
==========================================


==========================================
Time   : 2026-07-12 23:30:51 WIB
Farm   : 2
Commit : #47
Status : SUCCESS
==========================================


==========================================
Time   : 2026-07-13 01:36:49 WIB
Farm   : 2
Commit : #48
Status : SUCCESS
==========================================


==========================================
Time   : 2026-07-13 02:49:18 WIB
Farm   : 2
Commit : #49
Status : SUCCESS
==========================================


==========================================
Time   : 2026-07-13 03:32:24 WIB
Farm   : 2
Commit : #50
Status : SUCCESS
==========================================


==========================================
Time   : 2026-07-13 04:28:32 WIB
Farm   : 2
Commit : #51
Status : SUCCESS
==========================================


==========================================
Time   : 2026-07-13 05:28:33 WIB
Farm   : 2
Commit : #52
Status : SUCCESS
==========================================


==========================================
Time   : 2026-07-13 06:30:02 WIB
Farm   : 2
Commit : #53
Status : SUCCESS
==========================================


==========================================
Time   : 2026-07-13 08:08:52 WIB
Farm   : 2
Commit : #54
Status : SUCCESS
==========================================


==========================================
Time   : 2026-07-13 11:45:59 WIB
Farm   : 2
Commit : #55
Status : SUCCESS
==========================================


==========================================
Time   : 2026-07-13 18:17:09 WIB
Farm   : 2
Commit : #56
Status : SUCCESS
==========================================


==========================================
Time   : 2026-07-13 23:09:51 WIB
Farm   : 2
Commit : #57
Status : SUCCESS
==========================================


==========================================
Time   : 2026-07-14 01:07:13 WIB
Farm   : 2
Commit : #58
Status : SUCCESS
==========================================


==========================================
Time   : 2026-07-14 02:45:44 WIB
Farm   : 2
Commit : #59
Status : SUCCESS
==========================================


==========================================
Time   : 2026-07-14 03:44:46 WIB
Farm   : 2
Commit : #60
Status : SUCCESS
==========================================


==========================================
Time   : 2026-07-14 04:39:32 WIB
Farm   : 2
Commit : #61
Status : SUCCESS
==========================================


==========================================
Time   : 2026-07-14 06:35:28 WIB
Farm   : 2
Commit : #62
Status : SUCCESS
==========================================


==========================================
Time   : 2026-07-14 08:00:56 WIB
Farm   : 2
Commit : #63
Status : SUCCESS
==========================================


==========================================
Time   : 2026-07-14 11:11:43 WIB
Farm   : 2
Commit : #64
Status : SUCCESS
==========================================


==========================================
Time   : 2026-07-14 13:26:29 WIB
Farm   : 2
Commit : #65
Status : SUCCESS
==========================================


==========================================
Time   : 2026-07-14 15:36:22 WIB
Farm   : 2
Commit : #66
Status : SUCCESS
==========================================


==========================================
Time   : 2026-07-14 17:24:04 WIB
Farm   : 2
Commit : #67
Status : SUCCESS
==========================================


==========================================
Time   : 2026-07-14 18:52:57 WIB
Farm   : 2
Commit : #68
Status : SUCCESS
==========================================


==========================================
Time   : 2026-07-14 20:14:41 WIB
Farm   : 2
Commit : #69
Status : SUCCESS
==========================================


==========================================
Time   : 2026-07-14 22:05:42 WIB
Farm   : 2
Commit : #70
Status : SUCCESS
==========================================


==========================================
Time   : 2026-07-14 23:37:00 WIB
Farm   : 2
Commit : #71
Status : SUCCESS
==========================================


==========================================
Time   : 2026-07-15 00:45:42 WIB
Farm   : 2
Commit : #72
Status : SUCCESS
==========================================


==========================================
Time   : 2026-07-15 03:06:37 WIB
Farm   : 2
Commit : #73
Status : SUCCESS
==========================================


==========================================
Time   : 2026-07-15 04:14:13 WIB
Farm   : 2
Commit : #74
Status : SUCCESS
==========================================


==========================================
Time   : 2026-07-15 05:16:00 WIB
Farm   : 2
Commit : #75
Status : SUCCESS
==========================================


==========================================
Time   : 2026-07-15 06:15:05 WIB
Farm   : 2
Commit : #76
Status : SUCCESS
==========================================


==========================================
Time   : 2026-07-15 07:09:26 WIB
Farm   : 2
Commit : #77
Status : SUCCESS
==========================================


==========================================
Time   : 2026-07-15 10:31:13 WIB
Farm   : 2
Commit : #78
Status : SUCCESS
==========================================


==========================================
Time   : 2026-07-15 12:56:27 WIB
Farm   : 2
Commit : #79
Status : SUCCESS
==========================================


==========================================
Time   : 2026-07-15 15:20:58 WIB
Farm   : 2
Commit : #80
Status : SUCCESS
==========================================


==========================================
Time   : 2026-07-15 18:54:20 WIB
Farm   : 2
Commit : #81
Status : SUCCESS
==========================================


==========================================
Time   : 2026-07-15 20:29:58 WIB
Farm   : 2
Commit : #82
Status : SUCCESS
==========================================


==========================================
Time   : 2026-07-15 22:11:16 WIB
Farm   : 2
Commit : #83
Status : SUCCESS
==========================================


==========================================
Time   : 2026-07-16 00:59:22 WIB
Farm   : 2
Commit : #84
Status : SUCCESS
==========================================


==========================================
Time   : 2026-07-16 02:25:28 WIB
Farm   : 2
Commit : #85
Status : SUCCESS
==========================================


==========================================
Time   : 2026-07-16 03:33:15 WIB
Farm   : 2
Commit : #86
Status : SUCCESS
==========================================


==========================================
Time   : 2026-07-16 04:34:18 WIB
Farm   : 2
Commit : #87
Status : SUCCESS
==========================================


==========================================
Time   : 2026-07-16 06:39:11 WIB
Farm   : 2
Commit : #88
Status : SUCCESS
==========================================


==========================================
Time   : 2026-07-16 08:08:16 WIB
Farm   : 2
Commit : #89
Status : SUCCESS
==========================================


==========================================
Time   : 2026-07-16 11:25:53 WIB
Farm   : 2
Commit : #90
Status : SUCCESS
==========================================


==========================================
Time   : 2026-07-16 13:41:39 WIB
Farm   : 2
Commit : #91
Status : SUCCESS
==========================================


==========================================
Time   : 2026-07-16 16:03:57 WIB
Farm   : 2
Commit : #92
Status : SUCCESS
==========================================


==========================================
Time   : 2026-07-16 18:09:38 WIB
Farm   : 2
Commit : #93
Status : SUCCESS
==========================================


==========================================
Time   : 2026-07-16 19:52:18 WIB
Farm   : 2
Commit : #94
Status : SUCCESS
==========================================


==========================================
Time   : 2026-07-16 21:53:05 WIB
Farm   : 2
Commit : #95
Status : SUCCESS
==========================================


==========================================
Time   : 2026-07-16 23:12:18 WIB
Farm   : 2
Commit : #96
Status : SUCCESS
==========================================


==========================================
Time   : 2026-07-17 00:40:31 WIB
Farm   : 2
Commit : #97
Status : SUCCESS
==========================================


==========================================
Time   : 2026-07-17 01:49:02 WIB
Farm   : 2
Commit : #98
Status : SUCCESS
==========================================


==========================================
Time   : 2026-07-17 02:52:21 WIB
Farm   : 2
Commit : #99
Status : SUCCESS
==========================================


==========================================
Time   : 2026-07-17 03:47:22 WIB
Farm   : 2
Commit : #100
Status : SUCCESS
==========================================


==========================================
Time   : 2026-07-17 04:49:10 WIB
Farm   : 2
Commit : #101
Status : SUCCESS
==========================================


==========================================
Time   : 2026-07-17 05:44:36 WIB
Farm   : 2
Commit : #102
Status : SUCCESS
==========================================


==========================================
Time   : 2026-07-17 06:42:15 WIB
Farm   : 2
Commit : #103
Status : SUCCESS
==========================================


==========================================
Time   : 2026-07-17 08:13:53 WIB
Farm   : 2
Commit : #104
Status : SUCCESS
==========================================


==========================================
Time   : 2026-07-17 11:28:29 WIB
Farm   : 2
Commit : #105
Status : SUCCESS
==========================================


==========================================
Time   : 2026-07-17 13:40:52 WIB
Farm   : 2
Commit : #106
Status : SUCCESS
==========================================


==========================================
Time   : 2026-07-17 16:00:36 WIB
Farm   : 2
Commit : #107
Status : SUCCESS
==========================================


==========================================
Time   : 2026-07-17 17:56:09 WIB
Farm   : 2
Commit : #108
Status : SUCCESS
==========================================


==========================================
Time   : 2026-07-17 19:10:53 WIB
Farm   : 2
Commit : #109
Status : SUCCESS
==========================================


==========================================
Time   : 2026-07-17 21:03:39 WIB
Farm   : 2
Commit : #110
Status : SUCCESS
==========================================


==========================================
Time   : 2026-07-17 22:26:24 WIB
Farm   : 2
Commit : #111
Status : SUCCESS
==========================================


==========================================
Time   : 2026-07-17 23:42:09 WIB
Farm   : 2
Commit : #112
Status : SUCCESS
==========================================


==========================================
Time   : 2026-07-18 00:46:22 WIB
Farm   : 2
Commit : #113
Status : SUCCESS
==========================================


==========================================
Time   : 2026-07-18 01:45:24 WIB
Farm   : 2
Commit : #114
Status : SUCCESS
==========================================


==========================================
Time   : 2026-07-18 02:52:26 WIB
Farm   : 2
Commit : #115
Status : SUCCESS
==========================================


==========================================
Time   : 2026-07-18 03:44:10 WIB
Farm   : 2
Commit : #116
Status : SUCCESS
==========================================


==========================================
Time   : 2026-07-18 04:38:00 WIB
Farm   : 2
Commit : #117
Status : SUCCESS
==========================================


==========================================
Time   : 2026-07-18 05:31:06 WIB
Farm   : 2
Commit : #118
Status : SUCCESS
==========================================


==========================================
Time   : 2026-07-18 08:00:47 WIB
Farm   : 2
Commit : #119
Status : SUCCESS
==========================================


==========================================
Time   : 2026-07-18 11:08:34 WIB
Farm   : 2
Commit : #120
Status : SUCCESS
==========================================


==========================================
Time   : 2026-07-18 16:48:38 WIB
Farm   : 2
Commit : #121
Status : SUCCESS
==========================================


==========================================
Time   : 2026-07-18 17:53:11 WIB
Farm   : 2
Commit : #122
Status : SUCCESS
==========================================


==========================================
Time   : 2026-07-18 18:47:20 WIB
Farm   : 2
Commit : #123
Status : SUCCESS
==========================================


==========================================
Time   : 2026-07-18 19:41:28 WIB
Farm   : 2
Commit : #124
Status : SUCCESS
==========================================


==========================================
Time   : 2026-07-18 21:09:51 WIB
Farm   : 2
Commit : #125
Status : SUCCESS
==========================================


==========================================
Time   : 2026-07-18 22:15:27 WIB
Farm   : 2
Commit : #126
Status : SUCCESS
==========================================


==========================================
Time   : 2026-07-18 23:14:28 WIB
Farm   : 2
Commit : #127
Status : SUCCESS
==========================================


==========================================
Time   : 2026-07-19 00:17:43 WIB
Farm   : 2
Commit : #128
Status : SUCCESS
==========================================


==========================================
Time   : 2026-07-19 01:11:55 WIB
Farm   : 2
Commit : #129
Status : SUCCESS
==========================================


==========================================
Time   : 2026-07-19 02:33:32 WIB
Farm   : 2
Commit : #130
Status : SUCCESS
==========================================


==========================================
Time   : 2026-07-19 03:25:08 WIB
Farm   : 2
Commit : #131
Status : SUCCESS
==========================================


==========================================
Time   : 2026-07-19 04:23:04 WIB
Farm   : 2
Commit : #132
Status : SUCCESS
==========================================


==========================================
Time   : 2026-07-19 05:12:50 WIB
Farm   : 2
Commit : #133
Status : SUCCESS
==========================================


==========================================
Time   : 2026-07-19 06:12:27 WIB
Farm   : 2
Commit : #134
Status : SUCCESS
==========================================


==========================================
Time   : 2026-07-19 07:12:44 WIB
Farm   : 2
Commit : #135
Status : SUCCESS
==========================================


==========================================
Time   : 2026-07-19 10:57:12 WIB
Farm   : 2
Commit : #136
Status : SUCCESS
==========================================


==========================================
Time   : 2026-07-19 13:33:53 WIB
Farm   : 2
Commit : #137
Status : SUCCESS
==========================================


==========================================
Time   : 2026-07-19 15:57:54 WIB
Farm   : 2
Commit : #138
Status : SUCCESS
==========================================


==========================================
Time   : 2026-07-19 17:37:18 WIB
Farm   : 2
Commit : #139
Status : SUCCESS
==========================================


==========================================
Time   : 2026-07-19 19:37:40 WIB
Farm   : 2
Commit : #140
Status : SUCCESS
==========================================


==========================================
Time   : 2026-07-19 22:15:44 WIB
Farm   : 2
Commit : #141
Status : SUCCESS
==========================================


==========================================
Time   : 2026-07-19 23:14:42 WIB
Farm   : 2
Commit : #142
Status : SUCCESS
==========================================


==========================================
Time   : 2026-07-20 01:29:01 WIB
Farm   : 2
Commit : #143
Status : SUCCESS
==========================================


==========================================
Time   : 2026-07-20 03:31:51 WIB
Farm   : 2
Commit : #144
Status : SUCCESS
==========================================


==========================================
Time   : 2026-07-20 04:30:28 WIB
Farm   : 2
Commit : #145
Status : SUCCESS
==========================================


==========================================
Time   : 2026-07-20 05:28:27 WIB
Farm   : 2
Commit : #146
Status : SUCCESS
==========================================


==========================================
Time   : 2026-07-20 06:31:55 WIB
Farm   : 2
Commit : #147
Status : SUCCESS
==========================================


==========================================
Time   : 2026-07-20 08:09:00 WIB
Farm   : 2
Commit : #148
Status : SUCCESS
==========================================


==========================================
Time   : 2026-07-20 11:53:03 WIB
Farm   : 2
Commit : #149
Status : SUCCESS
==========================================


==========================================
Time   : 2026-07-20 14:52:28 WIB
Farm   : 2
Commit : #150
Status : SUCCESS
==========================================


==========================================
Time   : 2026-07-20 17:42:57 WIB
Farm   : 2
Commit : #151
Status : SUCCESS
==========================================


==========================================
Time   : 2026-07-20 19:56:43 WIB
Farm   : 2
Commit : #152
Status : SUCCESS
==========================================


==========================================
Time   : 2026-07-20 22:12:56 WIB
Farm   : 2
Commit : #153
Status : SUCCESS
==========================================


==========================================
Time   : 2026-07-20 23:46:21 WIB
Farm   : 2
Commit : #154
Status : SUCCESS
==========================================


==========================================
Time   : 2026-07-21 05:35:02 WIB
Farm   : 2
Commit : #155
Status : SUCCESS
==========================================


==========================================
Time   : 2026-07-21 06:37:41 WIB
Farm   : 2
Commit : #156
Status : SUCCESS
==========================================


==========================================
Time   : 2026-07-21 08:06:02 WIB
Farm   : 2
Commit : #157
Status : SUCCESS
==========================================


==========================================
Time   : 2026-07-21 11:29:50 WIB
Farm   : 2
Commit : #158
Status : SUCCESS
==========================================


==========================================
Time   : 2026-07-21 14:14:37 WIB
Farm   : 2
Commit : #159
Status : SUCCESS
==========================================


==========================================
Time   : 2026-07-21 16:43:14 WIB
Farm   : 2
Commit : #160
Status : SUCCESS
==========================================


==========================================
Time   : 2026-07-21 18:30:50 WIB
Farm   : 2
Commit : #161
Status : SUCCESS
==========================================


==========================================
Time   : 2026-07-21 19:59:58 WIB
Farm   : 2
Commit : #162
Status : SUCCESS
==========================================


==========================================
Time   : 2026-07-21 22:12:00 WIB
Farm   : 2
Commit : #163
Status : SUCCESS
==========================================


==========================================
Time   : 2026-07-21 23:43:31 WIB
Farm   : 2
Commit : #164
Status : SUCCESS
==========================================


==========================================
Time   : 2026-07-22 01:00:52 WIB
Farm   : 2
Commit : #165
Status : SUCCESS
==========================================


==========================================
Time   : 2026-07-22 02:46:35 WIB
Farm   : 2
Commit : #166
Status : SUCCESS
==========================================


==========================================
Time   : 2026-07-22 03:52:57 WIB
Farm   : 2
Commit : #167
Status : SUCCESS
==========================================


==========================================
Time   : 2026-07-22 04:58:06 WIB
Farm   : 2
Commit : #168
Status : SUCCESS
==========================================


==========================================
Time   : 2026-07-22 06:05:22 WIB
Farm   : 2
Commit : #169
Status : SUCCESS
==========================================


==========================================
Time   : 2026-07-22 07:04:02 WIB
Farm   : 2
Commit : #170
Status : SUCCESS
==========================================


==========================================
Time   : 2026-07-22 13:15:25 WIB
Farm   : 2
Commit : #171
Status : SUCCESS
==========================================


==========================================
Time   : 2026-07-22 15:48:31 WIB
Farm   : 2
Commit : #172
Status : SUCCESS
==========================================


==========================================
Time   : 2026-07-22 17:55:44 WIB
Farm   : 2
Commit : #173
Status : SUCCESS
==========================================


==========================================
Time   : 2026-07-22 19:24:12 WIB
Farm   : 2
Commit : #174
Status : SUCCESS
==========================================


==========================================
Time   : 2026-07-22 21:34:59 WIB
Farm   : 2
Commit : #175
Status : SUCCESS
==========================================


==========================================
Time   : 2026-07-22 23:05:45 WIB
Farm   : 2
Commit : #176
Status : SUCCESS
==========================================


==========================================
Time   : 2026-07-23 01:47:45 WIB
Farm   : 2
Commit : #177
Status : SUCCESS
==========================================


==========================================
Time   : 2026-07-23 03:02:55 WIB
Farm   : 2
Commit : #178
Status : SUCCESS
==========================================


==========================================
Time   : 2026-07-23 04:18:43 WIB
Farm   : 2
Commit : #179
Status : SUCCESS
==========================================


==========================================
Time   : 2026-07-23 06:33:25 WIB
Farm   : 2
Commit : #180
Status : SUCCESS
==========================================


==========================================
Time   : 2026-07-23 11:30:57 WIB
Farm   : 2
Commit : #181
Status : SUCCESS
==========================================


==========================================
Time   : 2026-07-23 14:11:48 WIB
Farm   : 2
Commit : #182
Status : SUCCESS
==========================================


==========================================
Time   : 2026-07-23 16:38:04 WIB
Farm   : 2
Commit : #183
Status : SUCCESS
==========================================


==========================================
Time   : 2026-07-23 18:31:41 WIB
Farm   : 2
Commit : #184
Status : SUCCESS
==========================================


==========================================
Time   : 2026-07-23 22:24:46 WIB
Farm   : 2
Commit : #185
Status : SUCCESS
==========================================


==========================================
Time   : 2026-07-23 23:57:31 WIB
Farm   : 2
Commit : #186
Status : SUCCESS
==========================================


==========================================
Time   : 2026-07-24 01:17:23 WIB
Farm   : 2
Commit : #187
Status : SUCCESS
==========================================


==========================================
Time   : 2026-07-24 02:51:02 WIB
Farm   : 2
Commit : #188
Status : SUCCESS
==========================================


==========================================
Time   : 2026-07-24 03:48:42 WIB
Farm   : 2
Commit : #189
Status : SUCCESS
==========================================


==========================================
Time   : 2026-07-24 04:52:04 WIB
Farm   : 2
Commit : #190
Status : SUCCESS
==========================================


==========================================
Time   : 2026-07-24 05:43:16 WIB
Farm   : 2
Commit : #191
Status : SUCCESS
==========================================


==========================================
Time   : 2026-07-24 06:43:51 WIB
Farm   : 2
Commit : #192
Status : SUCCESS
==========================================


==========================================
Time   : 2026-07-24 08:12:26 WIB
Farm   : 2
Commit : #193
Status : SUCCESS
==========================================


==========================================
Time   : 2026-07-24 11:34:43 WIB
Farm   : 2
Commit : #194
Status : SUCCESS
==========================================


==========================================
Time   : 2026-07-24 14:16:19 WIB
Farm   : 2
Commit : #195
Status : SUCCESS
==========================================


==========================================
Time   : 2026-07-24 16:39:13 WIB
Farm   : 2
Commit : #196
Status : SUCCESS
==========================================


==========================================
Time   : 2026-07-24 18:25:09 WIB
Farm   : 2
Commit : #197
Status : SUCCESS
==========================================


==========================================
Time   : 2026-07-24 19:56:33 WIB
Farm   : 2
Commit : #198
Status : SUCCESS
==========================================


==========================================
Time   : 2026-07-24 21:56:11 WIB
Farm   : 2
Commit : #199
Status : SUCCESS
==========================================


==========================================
Time   : 2026-07-24 23:42:56 WIB
Farm   : 2
Commit : #200
Status : SUCCESS
==========================================


==========================================
Time   : 2026-07-25 01:05:32 WIB
Farm   : 2
Commit : #201
Status : SUCCESS
==========================================


==========================================
Time   : 2026-07-25 02:44:33 WIB
Farm   : 2
Commit : #202
Status : SUCCESS
==========================================


==========================================
Time   : 2026-07-25 03:51:54 WIB
Farm   : 2
Commit : #203
Status : SUCCESS
==========================================


==========================================
Time   : 2026-07-25 04:54:08 WIB
Farm   : 2
Commit : #204
Status : SUCCESS
==========================================


==========================================
Time   : 2026-07-25 05:57:53 WIB
Farm   : 2
Commit : #205
Status : SUCCESS
==========================================


==========================================
Time   : 2026-07-25 07:11:22 WIB
Farm   : 2
Commit : #206
Status : SUCCESS
==========================================


==========================================
Time   : 2026-07-25 13:05:05 WIB
Farm   : 2
Commit : #207
Status : SUCCESS
==========================================


==========================================
Time   : 2026-07-25 15:23:05 WIB
Farm   : 2
Commit : #208
Status : SUCCESS
==========================================


==========================================
Time   : 2026-07-25 17:05:54 WIB
Farm   : 2
Commit : #209
Status : SUCCESS
==========================================


==========================================
Time   : 2026-07-25 18:31:46 WIB
Farm   : 2
Commit : #210
Status : SUCCESS
==========================================


==========================================
Time   : 2026-07-25 23:29:13 WIB
Farm   : 2
Commit : #211
Status : SUCCESS
==========================================


==========================================
Time   : 2026-07-26 02:50:24 WIB
Farm   : 2
Commit : #212
Status : SUCCESS
==========================================


==========================================
Time   : 2026-07-26 03:39:12 WIB
Farm   : 2
Commit : #213
Status : SUCCESS
==========================================


==========================================
Time   : 2026-07-26 04:36:28 WIB
Farm   : 2
Commit : #214
Status : SUCCESS
==========================================


==========================================
Time   : 2026-07-26 05:34:08 WIB
Farm   : 2
Commit : #215
Status : SUCCESS
==========================================


==========================================
Time   : 2026-07-26 06:38:17 WIB
Farm   : 2
Commit : #216
Status : SUCCESS
==========================================


==========================================
Time   : 2026-07-26 08:15:16 WIB
Farm   : 2
Commit : #217
Status : SUCCESS
==========================================


==========================================
Time   : 2026-07-26 11:48:03 WIB
Farm   : 2
Commit : #218
Status : SUCCESS
==========================================


==========================================
Time   : 2026-07-26 14:26:40 WIB
Farm   : 2
Commit : #219
Status : SUCCESS
==========================================


==========================================
Time   : 2026-07-26 16:34:36 WIB
Farm   : 2
Commit : #220
Status : SUCCESS
==========================================


==========================================
Time   : 2026-07-26 18:07:02 WIB
Farm   : 2
Commit : #221
Status : SUCCESS
==========================================


==========================================
Time   : 2026-07-26 19:14:44 WIB
Farm   : 2
Commit : #222
Status : SUCCESS
==========================================


==========================================
Time   : 2026-07-26 21:03:18 WIB
Farm   : 2
Commit : #223
Status : SUCCESS
==========================================


==========================================
Time   : 2026-07-26 22:15:33 WIB
Farm   : 2
Commit : #224
Status : SUCCESS
==========================================


==========================================
Time   : 2026-07-26 23:17:55 WIB
Farm   : 2
Commit : #225
Status : SUCCESS
==========================================


==========================================
Time   : 2026-07-27 00:28:37 WIB
Farm   : 2
Commit : #226
Status : SUCCESS
==========================================


==========================================
Time   : 2026-07-27 02:50:53 WIB
Farm   : 2
Commit : #227
Status : SUCCESS
==========================================


==========================================
Time   : 2026-07-27 03:42:43 WIB
Farm   : 2
Commit : #228
Status : SUCCESS
==========================================


==========================================
Time   : 2026-07-27 04:43:02 WIB
Farm   : 2
Commit : #229
Status : SUCCESS
==========================================


==========================================
Time   : 2026-07-27 05:42:14 WIB
Farm   : 2
Commit : #230
Status : SUCCESS
==========================================


==========================================
Time   : 2026-07-27 06:44:42 WIB
Farm   : 2
Commit : #231
Status : SUCCESS
==========================================


==========================================
Time   : 2026-07-27 08:21:50 WIB
Farm   : 2
Commit : #232
Status : SUCCESS
==========================================


==========================================
Time   : 2026-07-27 12:00:32 WIB
Farm   : 2
Commit : #233
Status : SUCCESS
==========================================


==========================================
Time   : 2026-07-27 15:41:14 WIB
Farm   : 2
Commit : #234
Status : SUCCESS
==========================================


==========================================
Time   : 2026-07-27 18:58:19 WIB
Farm   : 2
Commit : #235
Status : SUCCESS
==========================================


==========================================
Time   : 2026-07-27 21:56:11 WIB
Farm   : 2
Commit : #236
Status : SUCCESS
==========================================


==========================================
Time   : 2026-07-27 23:56:50 WIB
Farm   : 2
Commit : #237
Status : SUCCESS
==========================================


==========================================
Time   : 2026-07-28 01:27:13 WIB
Farm   : 2
Commit : #238
Status : SUCCESS
==========================================


==========================================
Time   : 2026-07-28 03:06:32 WIB
Farm   : 2
Commit : #239
Status : SUCCESS
==========================================


==========================================
Time   : 2026-07-28 04:21:58 WIB
Farm   : 2
Commit : #240
Status : SUCCESS
==========================================


==========================================
Time   : 2026-07-28 05:32:16 WIB
Farm   : 2
Commit : #241
Status : SUCCESS
==========================================


==========================================
Time   : 2026-07-28 08:05:03 WIB
Farm   : 2
Commit : #242
Status : SUCCESS
==========================================


==========================================
Time   : 2026-07-28 11:24:58 WIB
Farm   : 2
Commit : #243
Status : SUCCESS
==========================================


==========================================
Time   : 2026-07-28 14:10:08 WIB
Farm   : 2
Commit : #244
Status : SUCCESS
==========================================


==========================================
Time   : 2026-07-28 16:49:23 WIB
Farm   : 2
Commit : #245
Status : SUCCESS
==========================================


==========================================
Time   : 2026-07-28 18:47:43 WIB
Farm   : 2
Commit : #246
Status : SUCCESS
==========================================


==========================================
Time   : 2026-07-28 20:23:42 WIB
Farm   : 2
Commit : #247
Status : SUCCESS
==========================================


==========================================
Time   : 2026-07-28 22:41:30 WIB
Farm   : 2
Commit : #248
Status : SUCCESS
==========================================


==========================================
Time   : 2026-07-29 00:11:41 WIB
Farm   : 2
Commit : #249
Status : SUCCESS
==========================================


==========================================
Time   : 2026-07-29 01:46:43 WIB
Farm   : 2
Commit : #250
Status : SUCCESS
==========================================


==========================================
Time   : 2026-07-29 03:10:25 WIB
Farm   : 2
Commit : #251
Status : SUCCESS
==========================================


==========================================
Time   : 2026-07-29 05:38:55 WIB
Farm   : 2
Commit : #252
Status : SUCCESS
==========================================


==========================================
Time   : 2026-07-29 06:39:52 WIB
Farm   : 2
Commit : #253
Status : SUCCESS
==========================================


==========================================
Time   : 2026-07-29 08:09:08 WIB
Farm   : 2
Commit : #254
Status : SUCCESS
==========================================


==========================================
Time   : 2026-07-29 11:31:05 WIB
Farm   : 2
Commit : #255
Status : SUCCESS
==========================================


==========================================
Time   : 2026-07-29 14:24:16 WIB
Farm   : 2
Commit : #256
Status : SUCCESS
==========================================


==========================================
Time   : 2026-07-29 17:07:16 WIB
Farm   : 2
Commit : #257
Status : SUCCESS
==========================================


==========================================
Time   : 2026-07-29 19:18:13 WIB
Farm   : 2
Commit : #258
Status : SUCCESS
==========================================


==========================================
Time   : 2026-07-29 21:36:41 WIB
Farm   : 2
Commit : #259
Status : SUCCESS
==========================================


==========================================
Time   : 2026-07-29 23:07:32 WIB
Farm   : 2
Commit : #260
Status : SUCCESS
==========================================


==========================================
Time   : 2026-07-30 00:35:16 WIB
Farm   : 2
Commit : #261
Status : SUCCESS
==========================================


==========================================
Time   : 2026-07-30 01:38:34 WIB
Farm   : 2
Commit : #262
Status : SUCCESS
==========================================


==========================================
Time   : 2026-07-30 02:59:03 WIB
Farm   : 2
Commit : #263
Status : SUCCESS
==========================================


==========================================
Time   : 2026-07-30 04:08:31 WIB
Farm   : 2
Commit : #264
Status : SUCCESS
==========================================


==========================================
Time   : 2026-07-30 05:12:22 WIB
Farm   : 2
Commit : #265
Status : SUCCESS
==========================================


==========================================
Time   : 2026-07-30 06:14:33 WIB
Farm   : 2
Commit : #266
Status : SUCCESS
==========================================


==========================================
Time   : 2026-07-30 07:13:38 WIB
Farm   : 2
Commit : #267
Status : SUCCESS
==========================================


==========================================
Time   : 2026-07-30 10:33:02 WIB
Farm   : 2
Commit : #268
Status : SUCCESS
==========================================


==========================================
Time   : 2026-07-30 15:51:57 WIB
Farm   : 2
Commit : #269
Status : SUCCESS
==========================================


==========================================
Time   : 2026-07-30 17:55:51 WIB
Farm   : 2
Commit : #270
Status : SUCCESS
==========================================


==========================================
Time   : 2026-07-30 19:28:57 WIB
Farm   : 2
Commit : #271
Status : SUCCESS
==========================================


==========================================
Time   : 2026-07-30 21:54:23 WIB
Farm   : 2
Commit : #272
Status : SUCCESS
==========================================


==========================================
Time   : 2026-07-31 02:27:09 WIB
Farm   : 2
Commit : #273
Status : SUCCESS
==========================================


==========================================
Time   : 2026-07-31 03:42:52 WIB
Farm   : 2
Commit : #274
Status : SUCCESS
==========================================


==========================================
Time   : 2026-07-31 04:49:46 WIB
Farm   : 2
Commit : #275
Status : SUCCESS
==========================================


==========================================
Time   : 2026-07-31 06:58:31 WIB
Farm   : 2
Commit : #276
Status : SUCCESS
==========================================


==========================================
Time   : 2026-07-31 10:24:16 WIB
Farm   : 2
Commit : #277
Status : SUCCESS
==========================================


==========================================
Time   : 2026-07-31 13:30:35 WIB
Farm   : 2
Commit : #278
Status : SUCCESS
==========================================


==========================================
Time   : 2026-07-31 16:28:27 WIB
Farm   : 2
Commit : #279
Status : SUCCESS
==========================================


==========================================
Time   : 2026-07-31 18:40:05 WIB
Farm   : 2
Commit : #280
Status : SUCCESS
==========================================


==========================================
Time   : 2026-07-31 22:34:11 WIB
Farm   : 2
Commit : #281
Status : SUCCESS
==========================================


==========================================
Time   : 2026-08-01 03:11:44 WIB
Farm   : 2
Commit : #282
Status : SUCCESS
==========================================


==========================================
Time   : 2026-08-01 04:29:23 WIB
Farm   : 2
Commit : #283
Status : SUCCESS
==========================================


==========================================
Time   : 2026-08-01 06:38:30 WIB
Farm   : 2
Commit : #284
Status : SUCCESS
==========================================


==========================================
Time   : 2026-08-01 08:13:59 WIB
Farm   : 2
Commit : #285
Status : SUCCESS
==========================================


==========================================
Time   : 2026-08-01 11:40:00 WIB
Farm   : 2
Commit : #286
Status : SUCCESS
==========================================


==========================================
Time   : 2026-08-01 14:16:20 WIB
Farm   : 2
Commit : #287
Status : SUCCESS
==========================================


==========================================
Time   : 2026-08-01 16:25:27 WIB
Farm   : 2
Commit : #288
Status : SUCCESS
==========================================


==========================================
Time   : 2026-08-01 19:08:50 WIB
Farm   : 2
Commit : #289
Status : SUCCESS
==========================================


==========================================
Time   : 2026-08-01 20:52:43 WIB
Farm   : 2
Commit : #290
Status : SUCCESS
==========================================


==========================================
Time   : 2026-08-01 21:52:50 WIB
Farm   : 2
Commit : #291
Status : SUCCESS
==========================================


==========================================
Time   : 2026-08-01 22:52:27 WIB
Farm   : 2
Commit : #292
Status : SUCCESS
==========================================


==========================================
Time   : 2026-08-01 23:53:33 WIB
Farm   : 2
Commit : #293
Status : SUCCESS
==========================================


==========================================
Time   : 2026-08-02 00:58:05 WIB
Farm   : 2
Commit : #294
Status : SUCCESS
==========================================


==========================================
Time   : 2026-08-02 02:13:18 WIB
Farm   : 2
Commit : #295
Status : SUCCESS
==========================================


==========================================
Time   : 2026-08-02 03:16:01 WIB
Farm   : 2
Commit : #296
Status : SUCCESS
==========================================


==========================================
Time   : 2026-08-02 04:13:02 WIB
Farm   : 2
Commit : #297
Status : SUCCESS
==========================================


==========================================
Time   : 2026-08-02 05:12:24 WIB
Farm   : 2
Commit : #298
Status : SUCCESS
==========================================


==========================================
Time   : 2026-08-02 06:14:23 WIB
Farm   : 2
Commit : #299
Status : SUCCESS
==========================================


==========================================
Time   : 2026-08-02 07:14:16 WIB
Farm   : 2
Commit : #300
Status : SUCCESS
==========================================


==========================================
Time   : 2026-08-02 10:58:56 WIB
Farm   : 2
Commit : #301
Status : SUCCESS
==========================================


==========================================
Time   : 2026-08-02 13:39:27 WIB
Farm   : 2
Commit : #302
Status : SUCCESS
==========================================


==========================================
Time   : 2026-08-02 18:48:06 WIB
Farm   : 2
Commit : #303
Status : SUCCESS
==========================================


==========================================
Time   : 2026-08-02 21:18:15 WIB
Farm   : 2
Commit : #304
Status : SUCCESS
==========================================


==========================================
Time   : 2026-08-02 23:31:22 WIB
Farm   : 2
Commit : #305
Status : SUCCESS
==========================================


==========================================
Time   : 2026-08-03 01:41:30 WIB
Farm   : 2
Commit : #306
Status : SUCCESS
==========================================


==========================================
Time   : 2026-08-03 03:53:38 WIB
Farm   : 2
Commit : #307
Status : SUCCESS
==========================================


==========================================
Time   : 2026-08-03 04:48:36 WIB
Farm   : 2
Commit : #308
Status : SUCCESS
==========================================


==========================================
Time   : 2026-08-03 05:42:46 WIB
Farm   : 2
Commit : #309
Status : SUCCESS
==========================================


==========================================
Time   : 2026-08-03 06:45:05 WIB
Farm   : 2
Commit : #310
Status : SUCCESS
==========================================


==========================================
Time   : 2026-08-03 08:17:28 WIB
Farm   : 2
Commit : #311
Status : SUCCESS
==========================================


==========================================
Time   : 2026-08-03 11:52:23 WIB
Farm   : 2
Commit : #312
Status : SUCCESS
==========================================


==========================================
Time   : 2026-08-03 15:21:29 WIB
Farm   : 2
Commit : #313
Status : SUCCESS
==========================================


==========================================
Time   : 2026-08-03 18:53:43 WIB
Farm   : 2
Commit : #314
Status : SUCCESS
==========================================


==========================================
Time   : 2026-08-03 21:27:42 WIB
Farm   : 2
Commit : #315
Status : SUCCESS
==========================================


==========================================
Time   : 2026-08-03 23:58:48 WIB
Farm   : 2
Commit : #316
Status : SUCCESS
==========================================


==========================================
Time   : 2026-08-04 01:54:08 WIB
Farm   : 2
Commit : #317
Status : SUCCESS
==========================================


==========================================
Time   : 2026-08-04 03:23:24 WIB
Farm   : 2
Commit : #318
Status : SUCCESS
==========================================


==========================================
Time   : 2026-08-04 04:38:19 WIB
Farm   : 2
Commit : #319
Status : SUCCESS
==========================================


==========================================
Time   : 2026-08-04 05:39:58 WIB
Farm   : 2
Commit : #320
Status : SUCCESS
==========================================


==========================================
Time   : 2026-08-04 06:47:38 WIB
Farm   : 2
Commit : #321
Status : SUCCESS
==========================================


==========================================
Time   : 2026-08-04 08:10:51 WIB
Farm   : 2
Commit : #322
Status : SUCCESS
==========================================


==========================================
Time   : 2026-08-04 11:32:41 WIB
Farm   : 2
Commit : #323
Status : SUCCESS
==========================================


==========================================
Time   : 2026-08-04 14:19:24 WIB
Farm   : 2
Commit : #324
Status : SUCCESS
==========================================


==========================================
Time   : 2026-08-04 17:04:39 WIB
Farm   : 2
Commit : #325
Status : SUCCESS
==========================================


==========================================
Time   : 2026-08-04 19:15:12 WIB
Farm   : 2
Commit : #326
Status : SUCCESS
==========================================


==========================================
Time   : 2026-08-04 21:43:49 WIB
Farm   : 2
Commit : #327
Status : SUCCESS
==========================================


==========================================
Time   : 2026-08-04 23:33:16 WIB
Farm   : 2
Commit : #328
Status : SUCCESS
==========================================


==========================================
Time   : 2026-08-05 01:16:45 WIB
Farm   : 2
Commit : #329
Status : SUCCESS
==========================================


==========================================
Time   : 2026-08-05 05:35:32 WIB
Farm   : 2
Commit : #330
Status : SUCCESS
==========================================


==========================================
Time   : 2026-08-05 06:39:02 WIB
Farm   : 2
Commit : #331
Status : SUCCESS
==========================================


==========================================
Time   : 2026-08-05 11:25:03 WIB
Farm   : 2
Commit : #332
Status : SUCCESS
==========================================


==========================================
Time   : 2026-08-05 14:13:31 WIB
Farm   : 2
Commit : #333
Status : SUCCESS
==========================================


==========================================
Time   : 2026-08-05 16:58:20 WIB
Farm   : 2
Commit : #334
Status : SUCCESS
==========================================


==========================================
Time   : 2026-08-05 19:04:07 WIB
Farm   : 2
Commit : #335
Status : SUCCESS
==========================================


==========================================
Time   : 2026-08-05 21:30:33 WIB
Farm   : 2
Commit : #336
Status : SUCCESS
==========================================


==========================================
Time   : 2026-08-06 00:57:39 WIB
Farm   : 2
Commit : #337
Status : SUCCESS
==========================================


==========================================
Time   : 2026-08-06 02:43:16 WIB
Farm   : 2
Commit : #338
Status : SUCCESS
==========================================


==========================================
Time   : 2026-08-06 03:48:14 WIB
Farm   : 2
Commit : #339
Status : SUCCESS
==========================================


==========================================
Time   : 2026-08-06 05:01:24 WIB
Farm   : 2
Commit : #340
Status : SUCCESS
==========================================


==========================================
Time   : 2026-08-06 06:13:25 WIB
Farm   : 2
Commit : #341
Status : SUCCESS
==========================================


==========================================
Time   : 2026-08-06 07:12:46 WIB
Farm   : 2
Commit : #342
Status : SUCCESS
==========================================


==========================================
Time   : 2026-08-06 10:39:47 WIB
Farm   : 2
Commit : #343
Status : SUCCESS
==========================================


==========================================
Time   : 2026-08-06 13:16:22 WIB
Farm   : 2
Commit : #344
Status : SUCCESS
==========================================


==========================================
Time   : 2026-08-06 16:10:19 WIB
Farm   : 2
Commit : #345
Status : SUCCESS
==========================================


==========================================
Time   : 2026-08-06 18:33:19 WIB
Farm   : 2
Commit : #346
Status : SUCCESS
==========================================


==========================================
Time   : 2026-08-06 22:31:55 WIB
Farm   : 2
Commit : #347
Status : SUCCESS
==========================================


==========================================
Time   : 2026-08-07 07:33:29 WIB
Farm   : 2
Commit : #348
Status : SUCCESS
==========================================


==========================================
Time   : 2026-08-07 10:34:17 WIB
Farm   : 2
Commit : #349
Status : SUCCESS
==========================================


==========================================
Time   : 2026-08-07 13:38:57 WIB
Farm   : 2
Commit : #350
Status : SUCCESS
==========================================


==========================================
Time   : 2026-08-07 14:58:44 WIB
Farm   : 2
Commit : #351
Status : SUCCESS
==========================================


==========================================
Time   : 2026-08-07 17:10:17 WIB
Farm   : 2
Commit : #352
Status : SUCCESS
==========================================


==========================================
Time   : 2026-08-07 18:08:31 WIB
Farm   : 2
Commit : #353
Status : SUCCESS
==========================================


==========================================
Time   : 2026-08-07 18:56:48 WIB
Farm   : 2
Commit : #354
Status : SUCCESS
==========================================


==========================================
Time   : 2026-08-07 20:05:20 WIB
Farm   : 2
Commit : #355
Status : SUCCESS
==========================================


==========================================
Time   : 2026-08-07 21:17:11 WIB
Farm   : 2
Commit : #356
Status : SUCCESS
==========================================


==========================================
Time   : 2026-08-07 22:13:57 WIB
Farm   : 2
Commit : #357
Status : SUCCESS
==========================================


==========================================
Time   : 2026-08-07 23:10:58 WIB
Farm   : 2
Commit : #358
Status : SUCCESS
==========================================


==========================================
Time   : 2026-08-08 01:00:33 WIB
Farm   : 2
Commit : #359
Status : SUCCESS
==========================================


==========================================
Time   : 2026-08-08 02:09:22 WIB
Farm   : 2
Commit : #360
Status : SUCCESS
==========================================


==========================================
Time   : 2026-08-08 02:59:03 WIB
Farm   : 2
Commit : #361
Status : SUCCESS
==========================================


==========================================
Time   : 2026-08-08 03:51:23 WIB
Farm   : 2
Commit : #362
Status : SUCCESS
==========================================


==========================================
Time   : 2026-08-08 05:08:27 WIB
Farm   : 2
Commit : #363
Status : SUCCESS
==========================================


==========================================
Time   : 2026-08-08 05:55:32 WIB
Farm   : 2
Commit : #364
Status : SUCCESS
==========================================


==========================================
Time   : 2026-08-08 06:31:11 WIB
Farm   : 2
Commit : #365
Status : SUCCESS
==========================================


==========================================
Time   : 2026-08-08 07:03:28 WIB
Farm   : 2
Commit : #366
Status : SUCCESS
==========================================


==========================================
Time   : 2026-08-08 09:18:22 WIB
Farm   : 2
Commit : #367
Status : SUCCESS
==========================================


==========================================
Time   : 2026-08-08 10:47:17 WIB
Farm   : 2
Commit : #368
Status : SUCCESS
==========================================


==========================================
Time   : 2026-08-08 11:42:44 WIB
Farm   : 2
Commit : #369
Status : SUCCESS
==========================================


==========================================
Time   : 2026-08-08 12:30:03 WIB
Farm   : 2
Commit : #370
Status : SUCCESS
==========================================


==========================================
Time   : 2026-08-08 13:10:03 WIB
Farm   : 2
Commit : #371
Status : SUCCESS
==========================================


==========================================
Time   : 2026-08-08 14:15:39 WIB
Farm   : 2
Commit : #372
Status : SUCCESS
==========================================


==========================================
Time   : 2026-08-08 15:03:37 WIB
Farm   : 2
Commit : #373
Status : SUCCESS
==========================================


==========================================
Time   : 2026-08-08 15:55:34 WIB
Farm   : 2
Commit : #374
Status : SUCCESS
==========================================


==========================================
Time   : 2026-08-08 16:37:39 WIB
Farm   : 2
Commit : #375
Status : SUCCESS
==========================================


==========================================
Time   : 2026-08-08 17:06:17 WIB
Farm   : 2
Commit : #376
Status : SUCCESS
==========================================


==========================================
Time   : 2026-08-08 17:49:50 WIB
Farm   : 2
Commit : #377
Status : SUCCESS
==========================================


==========================================
Time   : 2026-08-08 18:17:45 WIB
Farm   : 2
Commit : #378
Status : SUCCESS
==========================================


==========================================
Time   : 2026-08-08 18:48:21 WIB
Farm   : 2
Commit : #379
Status : SUCCESS
==========================================


==========================================
Time   : 2026-08-08 19:18:57 WIB
Farm   : 2
Commit : #380
Status : SUCCESS
==========================================


==========================================
Time   : 2026-08-08 20:18:33 WIB
Farm   : 2
Commit : #381
Status : SUCCESS
==========================================


==========================================
Time   : 2026-08-08 21:01:18 WIB
Farm   : 2
Commit : #382
Status : SUCCESS
==========================================


==========================================
Time   : 2026-08-08 21:43:18 WIB
Farm   : 2
Commit : #383
Status : SUCCESS
==========================================


==========================================
Time   : 2026-08-08 22:47:59 WIB
Farm   : 2
Commit : #384
Status : SUCCESS
==========================================


==========================================
Time   : 2026-08-08 23:14:40 WIB
Farm   : 2
Commit : #385
Status : SUCCESS
==========================================


==========================================
Time   : 2026-08-09 00:30:54 WIB
Farm   : 2
Commit : #386
Status : SUCCESS
==========================================


==========================================
Time   : 2026-08-09 01:00:26 WIB
Farm   : 2
Commit : #387
Status : SUCCESS
==========================================


==========================================
Time   : 2026-08-09 02:22:02 WIB
Farm   : 2
Commit : #388
Status : SUCCESS
==========================================


==========================================
Time   : 2026-08-09 02:51:49 WIB
Farm   : 2
Commit : #389
Status : SUCCESS
==========================================


==========================================
Time   : 2026-08-09 03:15:57 WIB
Farm   : 2
Commit : #390
Status : SUCCESS
==========================================


==========================================
Time   : 2026-08-09 03:53:08 WIB
Farm   : 2
Commit : #391
Status : SUCCESS
==========================================


==========================================
Time   : 2026-08-09 04:21:27 WIB
Farm   : 2
Commit : #392
Status : SUCCESS
==========================================


==========================================
Time   : 2026-08-09 04:53:26 WIB
Farm   : 2
Commit : #393
Status : SUCCESS
==========================================


==========================================
Time   : 2026-08-09 05:18:07 WIB
Farm   : 2
Commit : #394
Status : SUCCESS
==========================================


==========================================
Time   : 2026-08-09 05:52:00 WIB
Farm   : 2
Commit : #395
Status : SUCCESS
==========================================


==========================================
Time   : 2026-08-09 06:20:24 WIB
Farm   : 2
Commit : #396
Status : SUCCESS
==========================================


==========================================
Time   : 2026-08-09 06:50:12 WIB
Farm   : 2
Commit : #397
Status : SUCCESS
==========================================


==========================================
Time   : 2026-08-09 07:39:20 WIB
Farm   : 2
Commit : #398
Status : SUCCESS
==========================================


==========================================
Time   : 2026-08-09 09:50:51 WIB
Farm   : 2
Commit : #399
Status : SUCCESS
==========================================


==========================================
Time   : 2026-08-09 11:07:11 WIB
Farm   : 2
Commit : #400
Status : SUCCESS
==========================================


==========================================
Time   : 2026-08-09 12:18:31 WIB
Farm   : 2
Commit : #401
Status : SUCCESS
==========================================


==========================================
Time   : 2026-08-09 13:03:41 WIB
Farm   : 2
Commit : #402
Status : SUCCESS
==========================================


==========================================
Time   : 2026-08-09 14:12:51 WIB
Farm   : 2
Commit : #403
Status : SUCCESS
==========================================


==========================================
Time   : 2026-08-09 15:03:34 WIB
Farm   : 2
Commit : #404
Status : SUCCESS
==========================================


==========================================
Time   : 2026-08-09 15:57:25 WIB
Farm   : 2
Commit : #405
Status : SUCCESS
==========================================


==========================================
Time   : 2026-08-09 16:44:10 WIB
Farm   : 2
Commit : #406
Status : SUCCESS
==========================================


==========================================
Time   : 2026-08-09 18:34:19 WIB
Farm   : 2
Commit : #407
Status : SUCCESS
==========================================


==========================================
Time   : 2026-08-09 18:59:47 WIB
Farm   : 2
Commit : #408
Status : SUCCESS
==========================================


==========================================
Time   : 2026-08-09 22:12:46 WIB
Farm   : 2
Commit : #409
Status : SUCCESS
==========================================


==========================================
Time   : 2026-08-09 22:50:09 WIB
Farm   : 2
Commit : #410
Status : SUCCESS
==========================================


==========================================
Time   : 2026-08-09 23:17:34 WIB
Farm   : 2
Commit : #411
Status : SUCCESS
==========================================


==========================================
Time   : 2026-08-10 00:39:34 WIB
Farm   : 2
Commit : #412
Status : SUCCESS
==========================================


==========================================
Time   : 2026-08-10 01:04:56 WIB
Farm   : 2
Commit : #413
Status : SUCCESS
==========================================


==========================================
Time   : 2026-08-10 02:38:02 WIB
Farm   : 2
Commit : #414
Status : SUCCESS
==========================================


==========================================
Time   : 2026-08-10 04:17:52 WIB
Farm   : 2
Commit : #415
Status : SUCCESS
==========================================


==========================================
Time   : 2026-08-10 04:53:27 WIB
Farm   : 2
Commit : #416
Status : SUCCESS
==========================================


==========================================
Time   : 2026-08-10 05:25:00 WIB
Farm   : 2
Commit : #417
Status : SUCCESS
==========================================


==========================================
Time   : 2026-08-10 07:05:30 WIB
Farm   : 2
Commit : #418
Status : SUCCESS
==========================================


==========================================
Time   : 2026-08-10 11:18:02 WIB
Farm   : 2
Commit : #419
Status : SUCCESS
==========================================


==========================================
Time   : 2026-08-10 12:49:20 WIB
Farm   : 2
Commit : #420
Status : SUCCESS
==========================================


==========================================
Time   : 2026-08-10 15:47:03 WIB
Farm   : 2
Commit : #421
Status : SUCCESS
==========================================


==========================================
Time   : 2026-08-10 17:05:31 WIB
Farm   : 2
Commit : #422
Status : SUCCESS
==========================================


==========================================
Time   : 2026-08-10 18:19:10 WIB
Farm   : 2
Commit : #423
Status : SUCCESS
==========================================


==========================================
Time   : 2026-08-10 19:05:01 WIB
Farm   : 2
Commit : #424
Status : SUCCESS
==========================================


==========================================
Time   : 2026-08-10 21:43:07 WIB
Farm   : 2
Commit : #425
Status : SUCCESS
==========================================


==========================================
Time   : 2026-08-10 22:42:19 WIB
Farm   : 2
Commit : #426
Status : SUCCESS
==========================================


==========================================
Time   : 2026-08-11 00:32:20 WIB
Farm   : 2
Commit : #427
Status : SUCCESS
==========================================


==========================================
Time   : 2026-08-11 01:30:39 WIB
Farm   : 2
Commit : #428
Status : SUCCESS
==========================================


==========================================
Time   : 2026-08-11 02:35:22 WIB
Farm   : 2
Commit : #429
Status : SUCCESS
==========================================


==========================================
Time   : 2026-08-11 03:21:06 WIB
Farm   : 2
Commit : #430
Status : SUCCESS
==========================================


==========================================
Time   : 2026-08-11 04:08:02 WIB
Farm   : 2
Commit : #431
Status : SUCCESS
==========================================


==========================================
Time   : 2026-08-11 04:57:09 WIB
Farm   : 2
Commit : #432
Status : SUCCESS
==========================================


==========================================
Time   : 2026-08-11 05:39:46 WIB
Farm   : 2
Commit : #433
Status : SUCCESS
==========================================


==========================================
Time   : 2026-08-11 06:20:25 WIB
Farm   : 2
Commit : #434
Status : SUCCESS
==========================================


==========================================
Time   : 2026-08-11 08:46:49 WIB
Farm   : 2
Commit : #435
Status : SUCCESS
==========================================


==========================================
Time   : 2026-08-11 10:23:43 WIB
Farm   : 2
Commit : #436
Status : SUCCESS
==========================================


==========================================
Time   : 2026-08-11 11:49:24 WIB
Farm   : 2
Commit : #437
Status : SUCCESS
==========================================


==========================================
Time   : 2026-08-11 12:43:24 WIB
Farm   : 2
Commit : #438
Status : SUCCESS
==========================================


==========================================
Time   : 2026-08-11 13:40:50 WIB
Farm   : 2
Commit : #439
Status : SUCCESS
==========================================


==========================================
Time   : 2026-08-11 14:55:58 WIB
Farm   : 2
Commit : #440
Status : SUCCESS
==========================================


==========================================
Time   : 2026-08-11 15:55:34 WIB
Farm   : 2
Commit : #441
Status : SUCCESS
==========================================


==========================================
Time   : 2026-08-11 16:57:55 WIB
Farm   : 2
Commit : #442
Status : SUCCESS
==========================================


==========================================
Time   : 2026-08-11 17:55:21 WIB
Farm   : 2
Commit : #443
Status : SUCCESS
==========================================


==========================================
Time   : 2026-08-11 18:43:24 WIB
Farm   : 2
Commit : #444
Status : SUCCESS
==========================================


==========================================
Time   : 2026-08-11 19:30:16 WIB
Farm   : 2
Commit : #445
Status : SUCCESS
==========================================


==========================================
Time   : 2026-08-11 21:00:57 WIB
Farm   : 2
Commit : #446
Status : SUCCESS
==========================================


==========================================
Time   : 2026-08-11 22:12:25 WIB
Farm   : 2
Commit : #447
Status : SUCCESS
==========================================


==========================================
Time   : 2026-08-11 23:12:00 WIB
Farm   : 2
Commit : #448
Status : SUCCESS
==========================================


==========================================
Time   : 2026-08-12 00:14:03 WIB
Farm   : 2
Commit : #449
Status : SUCCESS
==========================================


==========================================
Time   : 2026-08-12 01:09:25 WIB
Farm   : 2
Commit : #450
Status : SUCCESS
==========================================


==========================================
Time   : 2026-08-12 02:20:12 WIB
Farm   : 2
Commit : #451
Status : SUCCESS
==========================================


==========================================
Time   : 2026-08-12 03:08:14 WIB
Farm   : 2
Commit : #452
Status : SUCCESS
==========================================


==========================================
Time   : 2026-08-12 04:58:49 WIB
Farm   : 2
Commit : #453
Status : SUCCESS
==========================================


==========================================
Time   : 2026-08-12 05:53:38 WIB
Farm   : 2
Commit : #454
Status : SUCCESS
==========================================


==========================================
Time   : 2026-08-12 06:34:29 WIB
Farm   : 2
Commit : #455
Status : SUCCESS
==========================================


==========================================
Time   : 2026-08-12 07:41:43 WIB
Farm   : 2
Commit : #456
Status : SUCCESS
==========================================


==========================================
Time   : 2026-08-12 12:04:03 WIB
Farm   : 2
Commit : #457
Status : SUCCESS
==========================================


==========================================
Time   : 2026-08-12 18:25:15 WIB
Farm   : 2
Commit : #458
Status : SUCCESS
==========================================


==========================================
Time   : 2026-08-12 21:47:24 WIB
Farm   : 2
Commit : #459
Status : SUCCESS
==========================================


==========================================
Time   : 2026-08-12 22:44:50 WIB
Farm   : 2
Commit : #460
Status : SUCCESS
==========================================


==========================================
Time   : 2026-08-12 23:39:35 WIB
Farm   : 2
Commit : #461
Status : SUCCESS
==========================================


==========================================
Time   : 2026-08-13 00:42:18 WIB
Farm   : 2
Commit : #462
Status : SUCCESS
==========================================


==========================================
Time   : 2026-08-13 01:37:27 WIB
Farm   : 2
Commit : #463
Status : SUCCESS
==========================================


==========================================
Time   : 2026-08-13 02:46:23 WIB
Farm   : 2
Commit : #464
Status : SUCCESS
==========================================


==========================================
Time   : 2026-08-13 03:26:26 WIB
Farm   : 2
Commit : #465
Status : SUCCESS
==========================================


==========================================
Time   : 2026-08-13 04:21:44 WIB
Farm   : 2
Commit : #466
Status : SUCCESS
==========================================


==========================================
Time   : 2026-08-13 05:09:05 WIB
Farm   : 2
Commit : #467
Status : SUCCESS
==========================================


==========================================
Time   : 2026-08-13 06:01:12 WIB
Farm   : 2
Commit : #468
Status : SUCCESS
==========================================


==========================================
Time   : 2026-08-13 08:12:14 WIB
Farm   : 2
Commit : #469
Status : SUCCESS
==========================================


==========================================
Time   : 2026-08-13 10:34:13 WIB
Farm   : 2
Commit : #470
Status : SUCCESS
==========================================


==========================================
Time   : 2026-08-13 12:22:16 WIB
Farm   : 2
Commit : #471
Status : SUCCESS
==========================================


==========================================
Time   : 2026-08-13 13:53:16 WIB
Farm   : 2
Commit : #472
Status : SUCCESS
==========================================


==========================================
Time   : 2026-08-13 15:15:32 WIB
Farm   : 2
Commit : #473
Status : SUCCESS
==========================================


==========================================
Time   : 2026-08-13 16:37:03 WIB
Farm   : 2
Commit : #474
Status : SUCCESS
==========================================


==========================================
Time   : 2026-08-13 17:42:35 WIB
Farm   : 2
Commit : #475
Status : SUCCESS
==========================================


==========================================
Time   : 2026-08-13 19:29:14 WIB
Farm   : 2
Commit : #476
Status : SUCCESS
==========================================


==========================================
Time   : 2026-08-13 22:08:17 WIB
Farm   : 2
Commit : #477
Status : SUCCESS
==========================================


==========================================
Time   : 2026-08-14 01:08:30 WIB
Farm   : 2
Commit : #478
Status : SUCCESS
==========================================


==========================================
Time   : 2026-08-14 03:57:03 WIB
Farm   : 2
Commit : #479
Status : SUCCESS
==========================================


==========================================
Time   : 2026-08-14 04:50:58 WIB
Farm   : 2
Commit : #480
Status : SUCCESS
==========================================


==========================================
Time   : 2026-08-14 06:22:00 WIB
Farm   : 2
Commit : #481
Status : SUCCESS
==========================================


==========================================
Time   : 2026-08-14 07:03:20 WIB
Farm   : 2
Commit : #482
Status : SUCCESS
==========================================


==========================================
Time   : 2026-08-14 13:00:14 WIB
Farm   : 2
Commit : #483
Status : SUCCESS
==========================================


==========================================
Time   : 2026-08-14 15:50:10 WIB
Farm   : 2
Commit : #484
Status : SUCCESS
==========================================


==========================================
Time   : 2026-08-14 16:47:54 WIB
Farm   : 2
Commit : #485
Status : SUCCESS
==========================================


==========================================
Time   : 2026-08-14 17:44:16 WIB
Farm   : 2
Commit : #486
Status : SUCCESS
==========================================


==========================================
Time   : 2026-08-14 18:33:28 WIB
Farm   : 2
Commit : #487
Status : SUCCESS
==========================================


==========================================
Time   : 2026-08-14 19:26:33 WIB
Farm   : 2
Commit : #488
Status : SUCCESS
==========================================


==========================================
Time   : 2026-08-14 20:54:15 WIB
Farm   : 2
Commit : #489
Status : SUCCESS
==========================================


==========================================
Time   : 2026-08-14 21:48:08 WIB
Farm   : 2
Commit : #490
Status : SUCCESS
==========================================


==========================================
Time   : 2026-08-14 22:38:07 WIB
Farm   : 2
Commit : #491
Status : SUCCESS
==========================================


==========================================
Time   : 2026-08-14 23:30:56 WIB
Farm   : 2
Commit : #492
Status : SUCCESS
==========================================


==========================================
Time   : 2026-08-15 00:33:59 WIB
Farm   : 2
Commit : #493
Status : SUCCESS
==========================================


==========================================
Time   : 2026-08-15 01:30:07 WIB
Farm   : 2
Commit : #494
Status : SUCCESS
==========================================


==========================================
Time   : 2026-08-15 02:31:30 WIB
Farm   : 2
Commit : #495
Status : SUCCESS
==========================================


==========================================
Time   : 2026-08-15 03:06:30 WIB
Farm   : 2
Commit : #496
Status : SUCCESS
==========================================


==========================================
Time   : 2026-08-15 03:42:55 WIB
Farm   : 2
Commit : #497
Status : SUCCESS
==========================================


==========================================
Time   : 2026-08-15 04:37:06 WIB
Farm   : 2
Commit : #498
Status : SUCCESS
==========================================


==========================================
Time   : 2026-08-15 04:57:43 WIB
Farm   : 2
Commit : #499
Status : SUCCESS
==========================================


==========================================
Time   : 2026-08-15 06:42:24 WIB
Farm   : 2
Commit : #500
Status : SUCCESS
==========================================


==========================================
Time   : 2026-08-15 08:44:19 WIB
Farm   : 2
Commit : #501
Status : SUCCESS
==========================================


==========================================
Time   : 2026-08-15 09:39:25 WIB
Farm   : 2
Commit : #502
Status : SUCCESS
==========================================


==========================================
Time   : 2026-08-15 10:23:26 WIB
Farm   : 2
Commit : #503
Status : SUCCESS
==========================================


==========================================
Time   : 2026-08-15 11:42:19 WIB
Farm   : 2
Commit : #504
Status : SUCCESS
==========================================


==========================================
Time   : 2026-08-15 12:04:26 WIB
Farm   : 2
Commit : #505
Status : SUCCESS
==========================================


==========================================
Time   : 2026-08-15 14:21:09 WIB
Farm   : 2
Commit : #506
Status : SUCCESS
==========================================


==========================================
Time   : 2026-08-15 14:49:21 WIB
Farm   : 2
Commit : #507
Status : SUCCESS
==========================================


==========================================
Time   : 2026-08-15 15:11:17 WIB
Farm   : 2
Commit : #508
Status : SUCCESS
==========================================


==========================================
Time   : 2026-08-15 15:46:47 WIB
Farm   : 2
Commit : #509
Status : SUCCESS
==========================================


==========================================
Time   : 2026-08-15 16:11:46 WIB
Farm   : 2
Commit : #510
Status : SUCCESS
==========================================


==========================================
Time   : 2026-08-15 16:43:09 WIB
Farm   : 2
Commit : #511
Status : SUCCESS
==========================================


==========================================
Time   : 2026-08-15 17:54:53 WIB
Farm   : 2
Commit : #512
Status : SUCCESS
==========================================


==========================================
Time   : 2026-08-15 18:16:57 WIB
Farm   : 2
Commit : #513
Status : SUCCESS
==========================================


==========================================
Time   : 2026-08-15 18:56:00 WIB
Farm   : 2
Commit : #514
Status : SUCCESS
==========================================


==========================================
Time   : 2026-08-15 19:39:51 WIB
Farm   : 2
Commit : #515
Status : SUCCESS
==========================================


==========================================
Time   : 2026-08-15 20:17:32 WIB
Farm   : 2
Commit : #516
Status : SUCCESS
==========================================


==========================================
Time   : 2026-08-15 22:41:10 WIB
Farm   : 2
Commit : #517
Status : SUCCESS
==========================================


==========================================
Time   : 2026-08-15 22:58:00 WIB
Farm   : 2
Commit : #518
Status : SUCCESS
==========================================


==========================================
Time   : 2026-08-15 23:55:48 WIB
Farm   : 2
Commit : #519
Status : SUCCESS
==========================================


==========================================
Time   : 2026-08-16 00:18:58 WIB
Farm   : 2
Commit : #520
Status : SUCCESS
==========================================


==========================================
Time   : 2026-08-16 00:41:36 WIB
Farm   : 2
Commit : #521
Status : SUCCESS
==========================================


==========================================
Time   : 2026-08-16 02:49:30 WIB
Farm   : 2
Commit : #522
Status : SUCCESS
==========================================


==========================================
Time   : 2026-08-16 03:35:03 WIB
Farm   : 2
Commit : #523
Status : SUCCESS
==========================================


==========================================
Time   : 2026-08-16 03:55:13 WIB
Farm   : 2
Commit : #524
Status : SUCCESS
==========================================


==========================================
Time   : 2026-08-16 04:20:13 WIB
Farm   : 2
Commit : #525
Status : SUCCESS
==========================================


==========================================
Time   : 2026-08-16 04:58:07 WIB
Farm   : 2
Commit : #526
Status : SUCCESS
==========================================


==========================================
Time   : 2026-08-16 06:09:45 WIB
Farm   : 2
Commit : #527
Status : SUCCESS
==========================================


==========================================
Time   : 2026-08-16 06:35:09 WIB
Farm   : 2
Commit : #528
Status : SUCCESS
==========================================


==========================================
Time   : 2026-08-16 06:54:48 WIB
Farm   : 2
Commit : #529
Status : SUCCESS
==========================================


==========================================
Time   : 2026-08-16 07:57:22 WIB
Farm   : 2
Commit : #530
Status : SUCCESS
==========================================


==========================================
Time   : 2026-08-16 09:22:55 WIB
Farm   : 2
Commit : #531
Status : SUCCESS
==========================================


==========================================
Time   : 2026-08-16 10:25:42 WIB
Farm   : 2
Commit : #532
Status : SUCCESS
==========================================


==========================================
Time   : 2026-08-16 11:50:01 WIB
Farm   : 2
Commit : #533
Status : SUCCESS
==========================================


==========================================
Time   : 2026-08-16 12:47:47 WIB
Farm   : 2
Commit : #534
Status : SUCCESS
==========================================


==========================================
Time   : 2026-08-16 14:41:01 WIB
Farm   : 2
Commit : #535
Status : SUCCESS
==========================================


==========================================
Time   : 2026-08-16 15:02:25 WIB
Farm   : 2
Commit : #536
Status : SUCCESS
==========================================


==========================================
Time   : 2026-08-16 15:42:16 WIB
Farm   : 2
Commit : #537
Status : SUCCESS
==========================================


==========================================
Time   : 2026-08-16 16:05:00 WIB
Farm   : 2
Commit : #538
Status : SUCCESS
==========================================


==========================================
Time   : 2026-08-16 16:58:24 WIB
Farm   : 2
Commit : #539
Status : SUCCESS
==========================================


==========================================
Time   : 2026-08-16 17:31:25 WIB
Farm   : 2
Commit : #540
Status : SUCCESS
==========================================


==========================================
Time   : 2026-08-16 17:52:23 WIB
Farm   : 2
Commit : #541
Status : SUCCESS
==========================================


==========================================
Time   : 2026-08-16 18:12:35 WIB
Farm   : 2
Commit : #542
Status : SUCCESS
==========================================


==========================================
Time   : 2026-08-16 18:36:19 WIB
Farm   : 2
Commit : #543
Status : SUCCESS
==========================================


==========================================
Time   : 2026-08-16 18:54:21 WIB
Farm   : 2
Commit : #544
Status : SUCCESS
==========================================


==========================================
Time   : 2026-08-16 19:34:40 WIB
Farm   : 2
Commit : #545
Status : SUCCESS
==========================================


==========================================
Time   : 2026-08-16 20:18:19 WIB
Farm   : 2
Commit : #546
Status : SUCCESS
==========================================


==========================================
Time   : 2026-08-16 20:49:09 WIB
Farm   : 2
Commit : #547
Status : SUCCESS
==========================================


==========================================
Time   : 2026-08-16 21:10:11 WIB
Farm   : 2
Commit : #548
Status : SUCCESS
==========================================


==========================================
Time   : 2026-08-16 21:38:24 WIB
Farm   : 2
Commit : #549
Status : SUCCESS
==========================================


==========================================
Time   : 2026-08-16 21:58:38 WIB
Farm   : 2
Commit : #550
Status : SUCCESS
==========================================


==========================================
Time   : 2026-08-16 23:42:04 WIB
Farm   : 2
Commit : #551
Status : SUCCESS
==========================================


==========================================
Time   : 2026-08-17 00:28:58 WIB
Farm   : 2
Commit : #552
Status : SUCCESS
==========================================


==========================================
Time   : 2026-08-17 00:48:45 WIB
Farm   : 2
Commit : #553
Status : SUCCESS
==========================================


==========================================
Time   : 2026-08-17 02:04:05 WIB
Farm   : 2
Commit : #554
Status : SUCCESS
==========================================


==========================================
Time   : 2026-08-17 04:17:10 WIB
Farm   : 2
Commit : #555
Status : SUCCESS
==========================================


==========================================
Time   : 2026-08-17 04:56:08 WIB
Farm   : 2
Commit : #556
Status : SUCCESS
==========================================


==========================================
Time   : 2026-08-17 05:23:34 WIB
Farm   : 2
Commit : #557
Status : SUCCESS
==========================================


==========================================
Time   : 2026-08-17 05:44:59 WIB
Farm   : 2
Commit : #558
Status : SUCCESS
==========================================


==========================================
Time   : 2026-08-17 07:24:40 WIB
Farm   : 2
Commit : #559
Status : SUCCESS
==========================================


==========================================
Time   : 2026-08-17 09:02:44 WIB
Farm   : 2
Commit : #560
Status : SUCCESS
==========================================


==========================================
Time   : 2026-08-17 10:09:19 WIB
Farm   : 2
Commit : #561
Status : SUCCESS
==========================================


==========================================
Time   : 2026-08-17 11:01:42 WIB
Farm   : 2
Commit : #562
Status : SUCCESS
==========================================


==========================================
Time   : 2026-08-17 11:54:18 WIB
Farm   : 2
Commit : #563
Status : SUCCESS
==========================================


==========================================
Time   : 2026-08-17 12:30:33 WIB
Farm   : 2
Commit : #564
Status : SUCCESS
==========================================


==========================================
Time   : 2026-08-17 13:03:01 WIB
Farm   : 2
Commit : #565
Status : SUCCESS
==========================================


==========================================
Time   : 2026-08-17 14:13:38 WIB
Farm   : 2
Commit : #566
Status : SUCCESS
==========================================


==========================================
Time   : 2026-08-17 15:02:21 WIB
Farm   : 2
Commit : #567
Status : SUCCESS
==========================================


==========================================
Time   : 2026-08-17 15:55:52 WIB
Farm   : 2
Commit : #568
Status : SUCCESS
==========================================


==========================================
Time   : 2026-08-17 16:43:42 WIB
Farm   : 2
Commit : #569
Status : SUCCESS
==========================================


==========================================
Time   : 2026-08-17 17:17:14 WIB
Farm   : 2
Commit : #570
Status : SUCCESS
==========================================


==========================================
Time   : 2026-08-17 20:03:24 WIB
Farm   : 2
Commit : #571
Status : SUCCESS
==========================================


==========================================
Time   : 2026-08-17 21:48:24 WIB
Farm   : 2
Commit : #572
Status : SUCCESS
==========================================


==========================================
Time   : 2026-08-17 22:42:54 WIB
Farm   : 2
Commit : #573
Status : SUCCESS
==========================================


==========================================
Time   : 2026-08-17 23:00:50 WIB
Farm   : 2
Commit : #574
Status : SUCCESS
==========================================


==========================================
Time   : 2026-08-17 23:39:30 WIB
Farm   : 2
Commit : #575
Status : SUCCESS
==========================================


==========================================
Time   : 2026-08-18 00:02:41 WIB
Farm   : 2
Commit : #576
Status : SUCCESS
==========================================


==========================================
Time   : 2026-08-18 02:23:43 WIB
Farm   : 2
Commit : #577
Status : SUCCESS
==========================================


==========================================
Time   : 2026-08-18 02:51:04 WIB
Farm   : 2
Commit : #578
Status : SUCCESS
==========================================


==========================================
Time   : 2026-08-18 03:12:13 WIB
Farm   : 2
Commit : #579
Status : SUCCESS
==========================================


==========================================
Time   : 2026-08-18 03:45:38 WIB
Farm   : 2
Commit : #580
Status : SUCCESS
==========================================


==========================================
Time   : 2026-08-18 04:11:12 WIB
Farm   : 2
Commit : #581
Status : SUCCESS
==========================================


==========================================
Time   : 2026-08-18 04:41:14 WIB
Farm   : 2
Commit : #582
Status : SUCCESS
==========================================


==========================================
Time   : 2026-08-18 05:00:56 WIB
Farm   : 2
Commit : #583
Status : SUCCESS
==========================================


==========================================
Time   : 2026-08-18 05:34:15 WIB
Farm   : 2
Commit : #584
Status : SUCCESS
==========================================


==========================================
Time   : 2026-08-18 06:47:22 WIB
Farm   : 2
Commit : #585
Status : SUCCESS
==========================================


==========================================
Time   : 2026-08-18 07:02:27 WIB
Farm   : 2
Commit : #586
Status : SUCCESS
==========================================


==========================================
Time   : 2026-08-18 08:47:35 WIB
Farm   : 2
Commit : #587
Status : SUCCESS
==========================================


==========================================
Time   : 2026-08-18 10:30:52 WIB
Farm   : 2
Commit : #588
Status : SUCCESS
==========================================


==========================================
Time   : 2026-08-18 11:11:37 WIB
Farm   : 2
Commit : #589
Status : SUCCESS
==========================================


==========================================
Time   : 2026-08-18 11:53:29 WIB
Farm   : 2
Commit : #590
Status : SUCCESS
==========================================


==========================================
Time   : 2026-08-18 12:22:10 WIB
Farm   : 2
Commit : #591
Status : SUCCESS
==========================================


==========================================
Time   : 2026-08-18 12:52:53 WIB
Farm   : 2
Commit : #592
Status : SUCCESS
==========================================


==========================================
Time   : 2026-08-18 13:30:19 WIB
Farm   : 2
Commit : #593
Status : SUCCESS
==========================================


==========================================
Time   : 2026-08-18 14:21:19 WIB
Farm   : 2
Commit : #594
Status : SUCCESS
==========================================


==========================================
Time   : 2026-08-18 15:01:15 WIB
Farm   : 2
Commit : #595
Status : SUCCESS
==========================================


==========================================
Time   : 2026-08-18 16:18:56 WIB
Farm   : 2
Commit : #596
Status : SUCCESS
==========================================


==========================================
Time   : 2026-08-18 17:22:29 WIB
Farm   : 2
Commit : #597
Status : SUCCESS
==========================================


==========================================
Time   : 2026-08-18 17:54:47 WIB
Farm   : 2
Commit : #598
Status : SUCCESS
==========================================


==========================================
Time   : 2026-08-18 18:21:11 WIB
Farm   : 2
Commit : #599
Status : SUCCESS
==========================================


==========================================
Time   : 2026-08-18 18:47:58 WIB
Farm   : 2
Commit : #600
Status : SUCCESS
==========================================


==========================================
Time   : 2026-08-18 19:15:53 WIB
Farm   : 2
Commit : #601
Status : SUCCESS
==========================================


==========================================
Time   : 2026-08-18 20:13:26 WIB
Farm   : 2
Commit : #602
Status : SUCCESS
==========================================


==========================================
Time   : 2026-08-18 21:42:23 WIB
Farm   : 2
Commit : #603
Status : SUCCESS
==========================================


==========================================
Time   : 2026-08-18 22:13:43 WIB
Farm   : 2
Commit : #604
Status : SUCCESS
==========================================


==========================================
Time   : 2026-08-18 23:51:14 WIB
Farm   : 2
Commit : #605
Status : SUCCESS
==========================================


==========================================
Time   : 2026-08-19 00:18:44 WIB
Farm   : 2
Commit : #606
Status : SUCCESS
==========================================


==========================================
Time   : 2026-08-19 00:49:43 WIB
Farm   : 2
Commit : #607
Status : SUCCESS
==========================================


==========================================
Time   : 2026-08-19 02:01:49 WIB
Farm   : 2
Commit : #608
Status : SUCCESS
==========================================


==========================================
Time   : 2026-08-19 02:35:52 WIB
Farm   : 2
Commit : #609
Status : SUCCESS
==========================================


==========================================
Time   : 2026-08-19 02:54:32 WIB
Farm   : 2
Commit : #610
Status : SUCCESS
==========================================


==========================================
Time   : 2026-08-19 03:19:36 WIB
Farm   : 2
Commit : #611
Status : SUCCESS
==========================================


==========================================
Time   : 2026-08-19 04:03:03 WIB
Farm   : 2
Commit : #612
Status : SUCCESS
==========================================


==========================================
Time   : 2026-08-19 05:21:09 WIB
Farm   : 2
Commit : #613
Status : SUCCESS
==========================================


==========================================
Time   : 2026-08-19 06:06:08 WIB
Farm   : 2
Commit : #614
Status : SUCCESS
==========================================


==========================================
Time   : 2026-08-19 06:33:33 WIB
Farm   : 2
Commit : #615
Status : SUCCESS
==========================================


==========================================
Time   : 2026-08-19 08:09:28 WIB
Farm   : 2
Commit : #616
Status : SUCCESS
==========================================


==========================================
Time   : 2026-08-19 09:31:42 WIB
Farm   : 2
Commit : #617
Status : SUCCESS
==========================================


==========================================
Time   : 2026-08-19 10:26:43 WIB
Farm   : 2
Commit : #618
Status : SUCCESS
==========================================


==========================================
Time   : 2026-08-19 11:52:29 WIB
Farm   : 2
Commit : #619
Status : SUCCESS
==========================================


==========================================
Time   : 2026-08-19 13:28:35 WIB
Farm   : 2
Commit : #620
Status : SUCCESS
==========================================


==========================================
Time   : 2026-08-19 14:22:27 WIB
Farm   : 2
Commit : #621
Status : SUCCESS
==========================================


==========================================
Time   : 2026-08-19 15:01:00 WIB
Farm   : 2
Commit : #622
Status : SUCCESS
==========================================


==========================================
Time   : 2026-08-19 15:49:18 WIB
Farm   : 2
Commit : #623
Status : SUCCESS
==========================================


==========================================
Time   : 2026-08-19 16:54:39 WIB
Farm   : 2
Commit : #624
Status : SUCCESS
==========================================


==========================================
Time   : 2026-08-19 17:25:19 WIB
Farm   : 2
Commit : #625
Status : SUCCESS
==========================================


==========================================
Time   : 2026-08-19 17:55:46 WIB
Farm   : 2
Commit : #626
Status : SUCCESS
==========================================


==========================================
Time   : 2026-08-19 18:25:25 WIB
Farm   : 2
Commit : #627
Status : SUCCESS
==========================================


==========================================
Time   : 2026-08-19 18:51:06 WIB
Farm   : 2
Commit : #628
Status : SUCCESS
==========================================


==========================================
Time   : 2026-08-19 19:18:04 WIB
Farm   : 2
Commit : #629
Status : SUCCESS
==========================================


==========================================
Time   : 2026-08-19 20:14:38 WIB
Farm   : 2
Commit : #630
Status : SUCCESS
==========================================


==========================================
Time   : 2026-08-19 21:45:43 WIB
Farm   : 2
Commit : #631
Status : SUCCESS
==========================================


==========================================
Time   : 2026-08-19 22:49:24 WIB
Farm   : 2
Commit : #632
Status : SUCCESS
==========================================


==========================================
Time   : 2026-08-20 00:15:12 WIB
Farm   : 2
Commit : #633
Status : SUCCESS
==========================================


==========================================
Time   : 2026-08-20 00:44:35 WIB
Farm   : 2
Commit : #634
Status : SUCCESS
==========================================


==========================================
Time   : 2026-08-20 01:50:19 WIB
Farm   : 2
Commit : #635
Status : SUCCESS
==========================================


==========================================
Time   : 2026-08-20 02:14:50 WIB
Farm   : 2
Commit : #636
Status : SUCCESS
==========================================


==========================================
Time   : 2026-08-20 02:45:03 WIB
Farm   : 2
Commit : #637
Status : SUCCESS
==========================================


==========================================
Time   : 2026-08-20 03:02:44 WIB
Farm   : 2
Commit : #638
Status : SUCCESS
==========================================


==========================================
Time   : 2026-08-20 04:02:05 WIB
Farm   : 2
Commit : #639
Status : SUCCESS
==========================================


==========================================
Time   : 2026-08-20 05:30:32 WIB
Farm   : 2
Commit : #640
Status : SUCCESS
==========================================


==========================================
Time   : 2026-08-20 05:55:20 WIB
Farm   : 2
Commit : #641
Status : SUCCESS
==========================================


==========================================
Time   : 2026-08-20 08:46:01 WIB
Farm   : 2
Commit : #642
Status : SUCCESS
==========================================


==========================================
Time   : 2026-08-20 11:20:16 WIB
Farm   : 2
Commit : #643
Status : SUCCESS
==========================================


==========================================
Time   : 2026-08-20 12:39:03 WIB
Farm   : 2
Commit : #644
Status : SUCCESS
==========================================


==========================================
Time   : 2026-08-20 13:02:53 WIB
Farm   : 2
Commit : #645
Status : SUCCESS
==========================================


==========================================
Time   : 2026-08-20 14:52:51 WIB
Farm   : 2
Commit : #646
Status : SUCCESS
==========================================


==========================================
Time   : 2026-08-20 15:25:30 WIB
Farm   : 2
Commit : #647
Status : SUCCESS
==========================================


==========================================
Time   : 2026-08-20 17:16:18 WIB
Farm   : 2
Commit : #648
Status : SUCCESS
==========================================


==========================================
Time   : 2026-08-20 17:50:59 WIB
Farm   : 2
Commit : #649
Status : SUCCESS
==========================================


==========================================
Time   : 2026-08-20 18:16:23 WIB
Farm   : 2
Commit : #650
Status : SUCCESS
==========================================


==========================================
Time   : 2026-08-20 18:47:31 WIB
Farm   : 2
Commit : #651
Status : SUCCESS
==========================================


==========================================
Time   : 2026-08-20 19:17:08 WIB
Farm   : 2
Commit : #652
Status : SUCCESS
==========================================


==========================================
Time   : 2026-08-20 21:04:05 WIB
Farm   : 2
Commit : #653
Status : SUCCESS
==========================================


==========================================
Time   : 2026-08-20 21:50:34 WIB
Farm   : 2
Commit : #654
Status : SUCCESS
==========================================


==========================================
Time   : 2026-08-20 22:22:35 WIB
Farm   : 2
Commit : #655
Status : SUCCESS
==========================================


==========================================
Time   : 2026-08-20 22:57:34 WIB
Farm   : 2
Commit : #656
Status : SUCCESS
==========================================


==========================================
Time   : 2026-08-20 23:38:00 WIB
Farm   : 2
Commit : #657
Status : SUCCESS
==========================================


==========================================
Time   : 2026-08-21 00:05:18 WIB
Farm   : 2
Commit : #658
Status : SUCCESS
==========================================


==========================================
Time   : 2026-08-21 00:43:06 WIB
Farm   : 2
Commit : #659
Status : SUCCESS
==========================================


==========================================
Time   : 2026-08-21 01:57:30 WIB
Farm   : 2
Commit : #660
Status : SUCCESS
==========================================


==========================================
Time   : 2026-08-21 02:33:49 WIB
Farm   : 2
Commit : #661
Status : SUCCESS
==========================================


==========================================
Time   : 2026-08-21 02:59:49 WIB
Farm   : 2
Commit : #662
Status : SUCCESS
==========================================


==========================================
Time   : 2026-08-21 04:04:01 WIB
Farm   : 2
Commit : #663
Status : SUCCESS
==========================================


==========================================
Time   : 2026-08-21 05:01:01 WIB
Farm   : 2
Commit : #664
Status : SUCCESS
==========================================


==========================================
Time   : 2026-08-21 06:56:14 WIB
Farm   : 2
Commit : #665
Status : SUCCESS
==========================================


==========================================
Time   : 2026-08-21 08:27:16 WIB
Farm   : 2
Commit : #666
Status : SUCCESS
==========================================


==========================================
Time   : 2026-08-21 09:46:39 WIB
Farm   : 2
Commit : #667
Status : SUCCESS
==========================================


==========================================
Time   : 2026-08-21 10:38:16 WIB
Farm   : 2
Commit : #668
Status : SUCCESS
==========================================


==========================================
Time   : 2026-08-21 11:22:03 WIB
Farm   : 2
Commit : #669
Status : SUCCESS
==========================================


==========================================
Time   : 2026-08-21 12:02:47 WIB
Farm   : 2
Commit : #670
Status : SUCCESS
==========================================


==========================================
Time   : 2026-08-21 12:43:11 WIB
Farm   : 2
Commit : #671
Status : SUCCESS
==========================================


==========================================
Time   : 2026-08-21 13:17:48 WIB
Farm   : 2
Commit : #672
Status : SUCCESS
==========================================


==========================================
Time   : 2026-08-21 14:59:51 WIB
Farm   : 2
Commit : #673
Status : SUCCESS
==========================================


==========================================
Time   : 2026-08-21 15:52:38 WIB
Farm   : 2
Commit : #674
Status : SUCCESS
==========================================


==========================================
Time   : 2026-08-21 16:25:46 WIB
Farm   : 2
Commit : #675
Status : SUCCESS
==========================================


==========================================
Time   : 2026-08-21 17:02:10 WIB
Farm   : 2
Commit : #676
Status : SUCCESS
==========================================


==========================================
Time   : 2026-08-21 17:39:52 WIB
Farm   : 2
Commit : #677
Status : SUCCESS
==========================================


==========================================
Time   : 2026-08-21 18:03:28 WIB
Farm   : 2
Commit : #678
Status : SUCCESS
==========================================


==========================================
Time   : 2026-08-21 18:36:27 WIB
Farm   : 2
Commit : #679
Status : SUCCESS
==========================================


==========================================
Time   : 2026-08-21 19:00:35 WIB
Farm   : 2
Commit : #680
Status : SUCCESS
==========================================


==========================================
Time   : 2026-08-21 20:03:07 WIB
Farm   : 2
Commit : #681
Status : SUCCESS
==========================================


==========================================
Time   : 2026-08-21 20:54:17 WIB
Farm   : 2
Commit : #682
Status : SUCCESS
==========================================


==========================================
Time   : 2026-08-21 21:33:05 WIB
Farm   : 2
Commit : #683
Status : SUCCESS
==========================================


==========================================
Time   : 2026-08-21 23:55:30 WIB
Farm   : 2
Commit : #684
Status : SUCCESS
==========================================


==========================================
Time   : 2026-08-22 00:29:05 WIB
Farm   : 2
Commit : #685
Status : SUCCESS
==========================================


==========================================
Time   : 2026-08-22 00:58:05 WIB
Farm   : 2
Commit : #686
Status : SUCCESS
==========================================


==========================================
Time   : 2026-08-22 01:47:40 WIB
Farm   : 2
Commit : #687
Status : SUCCESS
==========================================


==========================================
Time   : 2026-08-22 02:43:59 WIB
Farm   : 2
Commit : #688
Status : SUCCESS
==========================================


==========================================
Time   : 2026-08-22 03:00:23 WIB
Farm   : 2
Commit : #689
Status : SUCCESS
==========================================


==========================================
Time   : 2026-08-22 04:28:08 WIB
Farm   : 2
Commit : #690
Status : SUCCESS
==========================================


==========================================
Time   : 2026-08-22 04:51:54 WIB
Farm   : 2
Commit : #691
Status : SUCCESS
==========================================


==========================================
Time   : 2026-08-22 05:12:24 WIB
Farm   : 2
Commit : #692
Status : SUCCESS
==========================================


==========================================
Time   : 2026-08-22 05:44:16 WIB
Farm   : 2
Commit : #693
Status : SUCCESS
==========================================


==========================================
Time   : 2026-08-22 06:03:04 WIB
Farm   : 2
Commit : #694
Status : SUCCESS
==========================================


==========================================
Time   : 2026-08-22 06:57:17 WIB
Farm   : 2
Commit : #695
Status : SUCCESS
==========================================


==========================================
Time   : 2026-08-22 08:17:53 WIB
Farm   : 2
Commit : #696
Status : SUCCESS
==========================================


==========================================
Time   : 2026-08-22 09:30:25 WIB
Farm   : 2
Commit : #697
Status : SUCCESS
==========================================


==========================================
Time   : 2026-08-22 10:23:06 WIB
Farm   : 2
Commit : #698
Status : SUCCESS
==========================================


==========================================
Time   : 2026-08-22 11:03:38 WIB
Farm   : 2
Commit : #699
Status : SUCCESS
==========================================


==========================================
Time   : 2026-08-22 12:12:48 WIB
Farm   : 2
Commit : #700
Status : SUCCESS
==========================================


==========================================
Time   : 2026-08-22 13:03:39 WIB
Farm   : 2
Commit : #701
Status : SUCCESS
==========================================


==========================================
Time   : 2026-08-22 14:58:40 WIB
Farm   : 2
Commit : #702
Status : SUCCESS
==========================================


==========================================
Time   : 2026-08-22 15:38:02 WIB
Farm   : 2
Commit : #703
Status : SUCCESS
==========================================


==========================================
Time   : 2026-08-22 16:57:23 WIB
Farm   : 2
Commit : #704
Status : SUCCESS
==========================================


==========================================
Time   : 2026-08-22 17:29:25 WIB
Farm   : 2
Commit : #705
Status : SUCCESS
==========================================


==========================================
Time   : 2026-08-22 18:14:10 WIB
Farm   : 2
Commit : #706
Status : SUCCESS
==========================================


==========================================
Time   : 2026-08-22 18:38:56 WIB
Farm   : 2
Commit : #707
Status : SUCCESS
==========================================


==========================================
Time   : 2026-08-22 18:57:26 WIB
Farm   : 2
Commit : #708
Status : SUCCESS
==========================================


==========================================
Time   : 2026-08-22 19:48:49 WIB
Farm   : 2
Commit : #709
Status : SUCCESS
==========================================


==========================================
Time   : 2026-08-22 20:22:07 WIB
Farm   : 2
Commit : #710
Status : SUCCESS
==========================================


==========================================
Time   : 2026-08-22 21:08:18 WIB
Farm   : 2
Commit : #711
Status : SUCCESS
==========================================


==========================================
Time   : 2026-08-22 21:37:33 WIB
Farm   : 2
Commit : #712
Status : SUCCESS
==========================================


==========================================
Time   : 2026-08-22 21:56:39 WIB
Farm   : 2
Commit : #713
Status : SUCCESS
==========================================


==========================================
Time   : 2026-08-22 23:57:26 WIB
Farm   : 2
Commit : #714
Status : SUCCESS
==========================================


==========================================
Time   : 2026-08-23 00:24:31 WIB
Farm   : 2
Commit : #715
Status : SUCCESS
==========================================


==========================================
Time   : 2026-08-23 00:47:05 WIB
Farm   : 2
Commit : #716
Status : SUCCESS
==========================================


==========================================
Time   : 2026-08-23 01:00:37 WIB
Farm   : 2
Commit : #717
Status : SUCCESS
==========================================


==========================================
Time   : 2026-08-23 02:08:13 WIB
Farm   : 2
Commit : #718
Status : SUCCESS
==========================================


==========================================
Time   : 2026-08-23 02:32:16 WIB
Farm   : 2
Commit : #719
Status : SUCCESS
==========================================


==========================================
Time   : 2026-08-23 04:31:49 WIB
Farm   : 2
Commit : #720
Status : SUCCESS
==========================================


==========================================
Time   : 2026-08-23 05:10:26 WIB
Farm   : 2
Commit : #721
Status : SUCCESS
==========================================


==========================================
Time   : 2026-08-23 05:38:39 WIB
Farm   : 2
Commit : #722
Status : SUCCESS
==========================================


==========================================
Time   : 2026-08-23 05:59:18 WIB
Farm   : 2
Commit : #723
Status : SUCCESS
==========================================


==========================================
Time   : 2026-08-23 06:28:00 WIB
Farm   : 2
Commit : #724
Status : SUCCESS
==========================================


==========================================
Time   : 2026-08-23 06:48:08 WIB
Farm   : 2
Commit : #725
Status : SUCCESS
==========================================


==========================================
Time   : 2026-08-23 07:01:29 WIB
Farm   : 2
Commit : #726
Status : SUCCESS
==========================================


==========================================
Time   : 2026-08-23 08:56:59 WIB
Farm   : 2
Commit : #727
Status : SUCCESS
==========================================


==========================================
Time   : 2026-08-23 10:04:02 WIB
Farm   : 2
Commit : #728
Status : SUCCESS
==========================================


==========================================
Time   : 2026-08-23 10:57:20 WIB
Farm   : 2
Commit : #729
Status : SUCCESS
==========================================


==========================================
Time   : 2026-08-23 11:43:35 WIB
Farm   : 2
Commit : #730
Status : SUCCESS
==========================================


==========================================
Time   : 2026-08-23 12:14:09 WIB
Farm   : 2
Commit : #731
Status : SUCCESS
==========================================

